,SBBH,JCSJ,VEH_TOTAL,JB_COUNT,JP_COUNT,BLACK_COUNT,AVG_SPEED,MAX_SPEED,MIN_SPEED
0,HD001038,2015/1/16 16:15:00,853,1.0,1.0,0.0,49.1,100.0,10.0
1,HD001038,2015/1/16 16:30:00,857,0.0,0.0,0.0,49.13,102.0,7.0
2,HD001038,2015/1/16 16:45:00,947,0.0,1.0,0.0,48.4,109.0,26.0
3,HD001038,2015/1/16 17:00:00,1064,0.0,0.0,0.0,42.1,93.0,6.0
4,HD001038,2015/1/16 17:15:00,776,0.0,6.0,0.0,33.64,69.0,5.0
5,HD001038,2015/1/16 17:30:00,819,0.0,3.0,0.0,44.17,82.0,13.0
6,HD001038,2015/1/16 17:45:00,899,0.0,5.0,0.0,42.7,92.0,4.0
7,HD001038,2015/1/16 18:00:00,837,1.0,5.0,0.0,42.23,61.0,2.0
8,HD001038,2015/1/16 18:15:00,684,0.0,2.0,0.0,44.96,64.0,4.0
9,HD001038,2015/1/16 18:30:00,790,0.0,0.0,0.0,43.24,81.0,6.0
10,HD001038,2015/1/16 18:45:00,691,0.0,0.0,0.0,44.96,82.0,17.0
11,HD001038,2015/1/16 19:00:00,624,1.0,1.0,0.0,45.36,97.0,7.0
12,HD001038,2015/1/16 19:15:00,676,0.0,1.0,0.0,45.53,93.0,17.0
13,HD001038,2015/1/16 19:30:00,601,0.0,2.0,0.0,44.91,83.0,7.0
14,HD001038,2015/1/16 19:45:00,762,1.0,3.0,0.0,44.08,147.0,1.0
15,HD001038,2015/1/16 20:00:00,843,0.0,2.0,0.0,43.07,63.0,2.0
16,HD001038,2015/1/16 20:15:00,692,1.0,1.0,0.0,45.0,69.0,10.0
17,HD001038,2015/1/16 20:30:00,696,1.0,1.0,0.0,45.03,76.0,3.0
18,HD001038,2015/1/16 20:45:00,710,0.0,0.0,0.0,44.93,171.0,5.0
19,HD001038,2015/1/16 21:00:00,618,0.0,0.0,0.0,45.79,81.0,1.0
20,HD001038,2015/1/16 21:15:00,570,0.0,0.0,0.0,47.22,88.0,7.0
21,HD001038,2015/1/16 21:30:00,615,0.0,0.0,0.0,46.12,83.0,8.0
22,HD001038,2015/1/16 21:45:00,580,0.0,1.0,0.0,45.79,74.0,3.0
23,HD001038,2015/1/16 22:00:00,471,0.0,0.0,0.0,47.94,69.0,2.0
24,HD001038,2015/1/16 15:15:00,179,0.0,0.0,0.0,35.44,59.0,12.0
25,HD001038,2015/1/16 15:30:00,726,0.0,1.0,0.0,39.65,72.0,6.0
26,HD001038,2015/1/16 15:45:00,888,1.0,2.0,0.0,48.95,79.0,2.0
27,HD001038,2015/1/16 16:00:00,917,0.0,5.0,0.0,48.31,82.0,6.0
28,HD001038,2015/1/17 1:30:00,464,0.0,0.0,0.0,49.26,92.0,7.0
29,HD001038,2015/1/17 1:45:00,460,0.0,0.0,0.0,48.94,86.0,14.0
30,HD001038,2015/1/17 2:00:00,457,0.0,0.0,0.0,48.44,81.0,5.0
31,HD001038,2015/1/17 2:15:00,292,0.0,0.0,0.0,49.66,72.0,15.0
32,HD001038,2015/1/17 2:30:00,147,0.0,0.0,0.0,50.33,78.0,23.0
33,HD001038,2015/1/17 2:45:00,149,0.0,0.0,0.0,49.62,90.0,1.0
34,HD001038,2015/1/17 3:00:00,88,0.0,0.0,0.0,47.75,150.0,14.0
35,HD001038,2015/1/17 3:15:00,159,0.0,0.0,0.0,48.83,86.0,27.0
36,HD001038,2015/1/17 3:30:00,132,0.0,0.0,0.0,50.98,93.0,27.0
37,HD001038,2015/1/17 3:45:00,102,0.0,0.0,0.0,47.69,67.0,10.0
38,HD001038,2015/1/17 4:00:00,96,0.0,0.0,0.0,46.85,67.0,28.0
39,HD001038,2015/1/17 4:15:00,145,0.0,1.0,0.0,48.54,90.0,28.0
40,HD001038,2015/1/17 4:30:00,139,0.0,0.0,0.0,47.76,66.0,24.0
41,HD001038,2015/1/17 11:00:00,834,0.0,2.0,0.0,48.71,70.0,6.0
42,HD001038,2015/1/17 11:15:00,820,0.0,1.0,0.0,49.32,96.0,2.0
43,HD001038,2015/1/17 11:30:00,693,1.0,1.0,0.0,49.89,82.0,2.0
44,HD001038,2015/1/17 4:45:00,201,0.0,0.0,0.0,47.42,67.0,9.0
45,HD001038,2015/1/17 5:00:00,239,0.0,0.0,0.0,48.13,86.0,10.0
46,HD001038,2015/1/17 5:15:00,366,0.0,0.0,0.0,48.7,69.0,31.0
47,HD001038,2015/1/17 5:30:00,454,0.0,0.0,0.0,46.84,72.0,4.0
48,HD001038,2015/1/17 5:45:00,525,0.0,0.0,0.0,46.57,72.0,12.0
49,HD001038,2015/1/17 6:00:00,693,0.0,1.0,0.0,45.45,67.0,15.0
50,HD001038,2015/1/17 6:15:00,717,0.0,2.0,0.0,45.12,81.0,13.0
51,HD001038,2015/1/17 6:30:00,773,0.0,1.0,0.0,44.48,66.0,5.0
52,HD001038,2015/1/17 6:45:00,808,0.0,2.0,0.0,43.8,74.0,2.0
53,HD001038,2015/1/17 7:00:00,758,0.0,0.0,0.0,43.24,77.0,4.0
54,HD001038,2015/1/17 7:15:00,758,0.0,0.0,0.0,47.06,79.0,18.0
55,HD001038,2015/1/17 7:30:00,706,0.0,0.0,0.0,48.12,73.0,11.0
56,HD001038,2015/1/17 7:45:00,614,0.0,0.0,0.0,50.1,83.0,4.0
57,HD001038,2015/1/17 8:00:00,558,0.0,0.0,0.0,50.91,73.0,24.0
58,HD001038,2015/1/17 8:15:00,560,0.0,0.0,0.0,50.43,81.0,18.0
59,HD001038,2015/1/17 8:30:00,577,0.0,0.0,0.0,50.36,89.0,14.0
60,HD001038,2015/1/17 8:45:00,566,0.0,0.0,0.0,50.49,82.0,5.0
61,HD001038,2015/1/17 9:00:00,619,0.0,0.0,0.0,50.09,83.0,3.0
62,HD001038,2015/1/17 9:15:00,614,0.0,0.0,0.0,49.08,72.0,3.0
63,HD001038,2015/1/17 9:30:00,660,0.0,0.0,0.0,49.82,84.0,7.0
64,HD001038,2015/1/17 9:45:00,804,0.0,2.0,0.0,48.58,88.0,5.0
65,HD001038,2015/1/17 10:00:00,766,0.0,1.0,0.0,49.17,80.0,5.0
66,HD001038,2015/1/17 10:15:00,761,0.0,1.0,0.0,49.16,81.0,2.0
67,HD001038,2015/1/17 10:30:00,782,0.0,1.0,0.0,49.2,71.0,8.0
68,HD001038,2015/1/17 10:45:00,711,0.0,0.0,0.0,49.45,77.0,5.0
69,HD001038,2015/1/16 22:15:00,465,0.0,0.0,0.0,47.51,72.0,5.0
70,HD001038,2015/1/16 22:30:00,521,0.0,0.0,0.0,48.11,72.0,17.0
71,HD001038,2015/1/16 22:45:00,617,0.0,0.0,0.0,45.53,74.0,2.0
72,HD001038,2015/1/16 23:00:00,579,0.0,0.0,0.0,46.81,74.0,17.0
73,HD001038,2015/1/16 23:15:00,632,0.0,0.0,0.0,45.85,79.0,17.0
74,HD001038,2015/1/16 23:30:00,544,0.0,0.0,0.0,48.01,74.0,23.0
75,HD001038,2015/1/16 23:45:00,423,0.0,2.0,0.0,48.3,70.0,18.0
76,HD001038,2015/1/17,494,0.0,0.0,0.0,48.55,71.0,5.0
77,HD001038,2015/1/17 0:15:00,591,0.0,0.0,0.0,47.71,70.0,7.0
78,HD001038,2015/1/17 0:30:00,544,1.0,1.0,0.0,47.51,75.0,6.0
79,HD001038,2015/1/17 0:45:00,537,1.0,2.0,0.0,48.53,81.0,12.0
80,HD001038,2015/1/17 1:00:00,496,0.0,0.0,0.0,48.67,98.0,5.0
81,HD001038,2015/1/17 1:15:00,521,0.0,0.0,0.0,49.59,71.0,9.0
82,HD001038,2015/1/17 15:15:00,697,0.0,1.0,0.0,48.88,78.0,29.0
83,HD001038,2015/1/17 15:30:00,566,0.0,0.0,0.0,48.81,74.0,17.0
84,HD001038,2015/1/17 15:45:00,652,0.0,1.0,0.0,49.57,78.0,6.0
85,HD001038,2015/1/17 16:00:00,734,1.0,1.0,0.0,49.0,92.0,1.0
86,HD001038,2015/1/17 16:15:00,697,0.0,0.0,0.0,48.91,76.0,25.0
87,HD001038,2015/1/17 16:30:00,770,0.0,0.0,0.0,48.72,83.0,1.0
88,HD001038,2015/1/17 16:45:00,749,0.0,0.0,0.0,47.52,66.0,2.0
89,HD001038,2015/1/17 17:00:00,768,0.0,0.0,0.0,46.68,72.0,18.0
90,HD001038,2015/1/17 17:15:00,672,0.0,1.0,0.0,44.93,82.0,8.0
91,HD001038,2015/1/17 17:30:00,584,0.0,2.0,0.0,44.74,78.0,14.0
92,HD001038,2015/1/17 17:45:00,647,0.0,1.0,0.0,44.1,85.0,16.0
93,HD001038,2015/1/17 18:00:00,534,1.0,4.0,0.0,45.06,82.0,11.0
94,HD001038,2015/1/17 18:15:00,656,5.0,13.0,1.0,44.49,70.0,2.0
95,HD001038,2015/1/18 0:45:00,500,5.0,11.0,0.0,47.44,70.0,1.0
96,HD001038,2015/1/18 1:00:00,500,2.0,4.0,0.0,47.53,87.0,5.0
97,HD001038,2015/1/18 1:15:00,479,7.0,8.0,0.0,47.54,70.0,3.0
98,HD001038,2015/1/17 18:30:00,571,1.0,7.0,0.0,45.72,102.0,6.0
99,HD001038,2015/1/17 18:45:00,523,1.0,10.0,0.0,45.32,77.0,1.0
100,HD001038,2015/1/17 19:00:00,427,0.0,5.0,0.0,46.45,82.0,6.0
101,HD001038,2015/1/17 19:30:00,559,4.0,13.0,0.0,45.68,73.0,1.0
102,HD001038,2015/1/17 19:45:00,617,4.0,13.0,0.0,44.91,74.0,1.0
103,HD001038,2015/1/17 20:00:00,746,9.0,22.0,0.0,44.31,75.0,4.0
104,HD001038,2015/1/17 20:15:00,655,7.0,15.0,0.0,44.45,76.0,3.0
105,HD001038,2015/1/17 20:30:00,507,5.0,11.0,0.0,45.97,69.0,5.0
106,HD001038,2015/1/17 20:45:00,500,3.0,10.0,0.0,46.55,70.0,1.0
107,HD001038,2015/1/17 21:15:00,539,4.0,14.0,0.0,46.57,69.0,6.0
108,HD001038,2015/1/17 21:30:00,430,2.0,8.0,0.0,47.08,86.0,3.0
109,HD001038,2015/1/17 21:45:00,335,1.0,7.0,0.0,46.21,69.0,4.0
110,HD001038,2015/1/17 22:00:00,331,1.0,6.0,0.0,47.57,87.0,14.0
111,HD001038,2015/1/17 22:15:00,335,2.0,6.0,0.0,47.39,71.0,7.0
112,HD001038,2015/1/17 22:30:00,443,3.0,10.0,0.0,46.76,87.0,2.0
113,HD001038,2015/1/17 22:45:00,446,7.0,12.0,0.0,46.37,80.0,2.0
114,HD001038,2015/1/17 23:00:00,499,5.0,12.0,0.0,47.03,65.0,1.0
115,HD001038,2015/1/17 23:15:00,453,6.0,11.0,0.0,47.51,71.0,7.0
116,HD001038,2015/1/17 23:30:00,370,1.0,6.0,0.0,47.8,68.0,1.0
117,HD001038,2015/1/17 23:45:00,387,3.0,7.0,0.0,47.37,80.0,3.0
118,HD001038,2015/1/18,469,4.0,10.0,0.0,47.31,69.0,7.0
119,HD001038,2015/1/18 0:15:00,578,3.0,15.0,0.0,45.48,70.0,2.0
120,HD001038,2015/1/18 0:30:00,305,2.0,6.0,0.0,47.32,76.0,7.0
121,HD001038,2015/1/17 11:45:00,728,0.0,1.0,0.0,50.73,80.0,18.0
122,HD001038,2015/1/17 12:00:00,694,0.0,1.0,0.0,51.38,92.0,3.0
123,HD001038,2015/1/17 12:15:00,685,0.0,0.0,0.0,50.45,140.0,6.0
124,HD001038,2015/1/17 12:30:00,625,0.0,0.0,0.0,50.45,74.0,15.0
125,HD001038,2015/1/17 12:45:00,651,0.0,0.0,0.0,50.03,79.0,31.0
126,HD001038,2015/1/17 13:00:00,696,0.0,0.0,0.0,50.03,85.0,30.0
127,HD001038,2015/1/17 13:15:00,868,0.0,0.0,0.0,49.03,76.0,2.0
128,HD001038,2015/1/17 13:30:00,736,0.0,0.0,0.0,49.29,85.0,15.0
129,HD001038,2015/1/17 13:45:00,736,0.0,0.0,0.0,49.39,97.0,26.0
130,HD001038,2015/1/17 14:00:00,722,0.0,0.0,0.0,48.94,82.0,23.0
131,HD001038,2015/1/17 14:15:00,763,0.0,0.0,0.0,49.65,82.0,29.0
132,HD001038,2015/1/17 14:30:00,627,0.0,0.0,0.0,50.29,82.0,4.0
133,HD001038,2015/1/17 14:45:00,655,0.0,0.0,0.0,50.56,81.0,31.0
134,HD001038,2015/1/17 15:00:00,761,0.0,0.0,0.0,49.45,83.0,34.0
135,HD001038,2015/1/18 3:30:00,56,0.0,0.0,0.0,44.73,62.0,18.0
136,HD001038,2015/1/18 3:45:00,74,0.0,0.0,0.0,46.69,79.0,12.0
137,HD001038,2015/1/18 4:00:00,67,0.0,0.0,0.0,47.87,65.0,29.0
138,HD001038,2015/1/18 4:15:00,82,0.0,0.0,0.0,47.74,81.0,17.0
139,HD001038,2015/1/18 4:30:00,107,0.0,0.0,0.0,46.67,82.0,11.0
140,HD001038,2015/1/18 4:45:00,135,0.0,0.0,0.0,49.17,78.0,29.0
141,HD001038,2015/1/18 5:00:00,254,0.0,0.0,0.0,47.89,66.0,19.0
142,HD001038,2015/1/18 5:15:00,362,0.0,0.0,0.0,48.48,74.0,3.0
143,HD001038,2015/1/18 5:30:00,454,0.0,2.0,0.0,46.97,72.0,5.0
144,HD001038,2015/1/18 5:45:00,521,0.0,0.0,0.0,47.0,77.0,8.0
145,HD001038,2015/1/18 6:00:00,601,0.0,0.0,0.0,46.19,64.0,2.0
146,HD001038,2015/1/18 6:15:00,690,1.0,1.0,0.0,45.93,84.0,12.0
147,HD001038,2015/1/18 14:00:00,651,0.0,0.0,0.0,48.21,77.0,20.0
148,HD001038,2015/1/18 14:15:00,782,0.0,0.0,0.0,47.75,76.0,6.0
149,HD001038,2015/1/18 14:30:00,771,0.0,0.0,0.0,48.59,79.0,2.0
150,HD001038,2015/1/18 14:45:00,941,0.0,0.0,0.0,45.69,74.0,3.0
151,HD001038,2015/1/18 6:30:00,667,0.0,0.0,0.0,45.81,77.0,10.0
152,HD001038,2015/1/18 6:45:00,675,0.0,0.0,0.0,45.17,76.0,15.0
153,HD001038,2015/1/18 7:00:00,655,0.0,0.0,0.0,45.4,64.0,26.0
154,HD001038,2015/1/18 7:15:00,593,0.0,1.0,0.0,46.3,82.0,1.0
155,HD001038,2015/1/18 7:30:00,592,0.0,0.0,0.0,48.89,80.0,19.0
156,HD001038,2015/1/18 7:45:00,509,0.0,0.0,0.0,49.19,87.0,4.0
157,HD001038,2015/1/18 8:00:00,474,0.0,0.0,0.0,49.85,75.0,3.0
158,HD001038,2015/1/18 8:15:00,532,0.0,0.0,0.0,50.05,94.0,19.0
159,HD001038,2015/1/18 8:30:00,494,0.0,0.0,0.0,49.07,71.0,11.0
160,HD001038,2015/1/18 8:45:00,520,0.0,1.0,0.0,49.17,92.0,2.0
161,HD001038,2015/1/18 9:00:00,540,0.0,0.0,0.0,50.58,88.0,22.0
162,HD001038,2015/1/18 9:15:00,568,0.0,0.0,0.0,48.8,87.0,1.0
163,HD001038,2015/1/18 9:30:00,613,0.0,1.0,0.0,49.81,92.0,7.0
164,HD001038,2015/1/18 9:45:00,638,0.0,0.0,0.0,48.63,75.0,4.0
165,HD001038,2015/1/18 10:00:00,743,0.0,0.0,0.0,49.44,86.0,4.0
166,HD001038,2015/1/18 10:15:00,683,1.0,1.0,0.0,49.26,85.0,8.0
167,HD001038,2015/1/18 10:30:00,846,0.0,0.0,0.0,49.31,86.0,31.0
168,HD001038,2015/1/18 10:45:00,818,0.0,1.0,0.0,49.13,79.0,3.0
169,HD001038,2015/1/18 11:00:00,778,0.0,2.0,0.0,49.51,86.0,8.0
170,HD001038,2015/1/18 11:15:00,698,0.0,0.0,0.0,51.06,85.0,2.0
171,HD001038,2015/1/18 11:30:00,691,0.0,0.0,0.0,50.6,84.0,11.0
172,HD001038,2015/1/18 11:45:00,656,0.0,0.0,0.0,50.38,97.0,1.0
173,HD001038,2015/1/18 12:00:00,674,0.0,0.0,0.0,50.36,79.0,4.0
174,HD001038,2015/1/18 12:15:00,525,0.0,1.0,0.0,50.24,77.0,6.0
175,HD001038,2015/1/18 12:30:00,628,0.0,0.0,0.0,50.18,81.0,21.0
176,HD001038,2015/1/18 12:45:00,697,0.0,0.0,0.0,50.05,90.0,3.0
177,HD001038,2015/1/18 13:00:00,662,0.0,0.0,0.0,48.58,94.0,12.0
178,HD001038,2015/1/18 13:15:00,860,0.0,0.0,0.0,47.87,83.0,3.0
179,HD001038,2015/1/18 13:30:00,800,0.0,0.0,0.0,46.4,83.0,18.0
180,HD001038,2015/1/18 13:45:00,625,0.0,0.0,0.0,48.28,82.0,3.0
181,HD001038,2015/1/18 1:30:00,398,1.0,7.0,0.0,48.29,77.0,9.0
182,HD001038,2015/1/18 1:45:00,319,3.0,5.0,0.0,48.08,73.0,13.0
183,HD001038,2015/1/18 2:00:00,130,0.0,2.0,0.0,49.92,82.0,26.0
184,HD001038,2015/1/18 2:15:00,103,0.0,0.0,0.0,45.64,66.0,18.0
185,HD001038,2015/1/18 2:30:00,115,1.0,2.0,0.0,45.5,71.0,2.0
186,HD001038,2015/1/18 2:45:00,95,0.0,1.0,0.0,45.48,68.0,18.0
187,HD001038,2015/1/18 3:00:00,94,0.0,0.0,0.0,48.03,81.0,29.0
188,HD001038,2015/1/18 3:15:00,80,0.0,0.0,0.0,46.09,66.0,23.0
189,HD001038,2015/1/18 22:45:00,540,1.0,2.0,0.0,46.54,91.0,19.0
190,HD001038,2015/1/18 23:00:00,561,0.0,1.0,0.0,47.49,75.0,19.0
191,HD001038,2015/1/18 23:15:00,608,4.0,9.0,0.0,46.66,72.0,16.0
192,HD001038,2015/1/18 23:30:00,572,28.0,89.0,3.0,48.81,80.0,5.0
193,HD001038,2015/1/18 23:45:00,762,111.0,232.0,2.0,50.36,79.0,6.0
194,HD001038,2015/1/19,795,117.0,244.0,5.0,50.71,81.0,15.0
195,HD001038,2015/1/19 0:15:00,672,78.0,194.0,0.0,50.52,81.0,2.0
196,HD001038,2015/1/19 0:30:00,805,104.0,235.0,1.0,50.09,89.0,5.0
197,HD001038,2015/1/19 0:45:00,778,83.0,216.0,3.0,50.4,89.0,2.0
198,HD001038,2015/1/19 1:00:00,809,97.0,230.0,4.0,50.2,79.0,4.0
199,HD001038,2015/1/19 1:15:00,567,63.0,160.0,2.0,51.88,81.0,9.0
200,HD001038,2015/1/19 1:30:00,446,79.0,155.0,2.0,55.08,88.0,1.0
201,HD001038,2015/1/19 1:45:00,500,75.0,183.0,7.0,54.59,87.0,3.0
202,HD001038,2015/1/19 2:00:00,514,67.0,176.0,6.0,54.06,95.0,1.0
203,HD001038,2015/1/18 15:45:00,737,0.0,0.0,0.0,46.37,81.0,8.0
204,HD001038,2015/1/18 16:00:00,700,0.0,0.0,0.0,47.25,87.0,2.0
205,HD001038,2015/1/18 16:15:00,845,0.0,1.0,0.0,47.97,73.0,16.0
206,HD001038,2015/1/18 16:30:00,796,0.0,0.0,0.0,47.05,72.0,6.0
207,HD001038,2015/1/18 16:45:00,758,0.0,1.0,0.0,47.18,76.0,21.0
208,HD001038,2015/1/18 17:00:00,862,0.0,0.0,0.0,45.92,74.0,6.0
209,HD001038,2015/1/18 17:15:00,709,0.0,0.0,0.0,45.22,71.0,2.0
210,HD001038,2015/1/18 17:30:00,672,0.0,2.0,0.0,43.83,81.0,1.0
211,HD001038,2015/1/18 17:45:00,839,1.0,2.0,0.0,42.66,69.0,14.0
212,HD001038,2015/1/18 18:00:00,778,0.0,0.0,0.0,41.8,65.0,1.0
213,HD001038,2015/1/18 18:15:00,614,0.0,0.0,0.0,43.95,80.0,9.0
214,HD001038,2015/1/18 18:30:00,526,0.0,1.0,0.0,44.25,80.0,8.0
215,HD001038,2015/1/18 18:45:00,582,0.0,0.0,0.0,44.43,74.0,12.0
216,HD001038,2015/1/18 19:00:00,717,0.0,1.0,0.0,43.57,65.0,6.0
217,HD001038,2015/1/18 19:15:00,610,0.0,1.0,0.0,43.44,77.0,4.0
218,HD001038,2015/1/18 19:30:00,626,0.0,0.0,0.0,44.53,83.0,6.0
219,HD001038,2015/1/18 19:45:00,625,0.0,1.0,0.0,45.0,79.0,5.0
220,HD001038,2015/1/18 20:00:00,729,0.0,0.0,0.0,44.2,71.0,18.0
221,HD001038,2015/1/18 20:15:00,754,0.0,0.0,0.0,42.91,63.0,9.0
222,HD001038,2015/1/18 20:30:00,556,0.0,1.0,0.0,45.76,66.0,17.0
223,HD001038,2015/1/18 20:45:00,705,0.0,1.0,0.0,44.91,66.0,9.0
224,HD001038,2015/1/18 21:00:00,680,0.0,2.0,0.0,44.86,65.0,10.0
225,HD001038,2015/1/18 21:15:00,537,1.0,1.0,0.0,46.85,77.0,8.0
226,HD001038,2015/1/18 21:30:00,504,0.0,0.0,0.0,47.59,76.0,15.0
227,HD001038,2015/1/18 21:45:00,449,0.0,1.0,0.0,47.87,82.0,17.0
228,HD001038,2015/1/18 22:00:00,347,0.0,0.0,0.0,47.69,81.0,21.0
229,HD001038,2015/1/18 22:15:00,361,0.0,0.0,0.0,48.39,72.0,20.0
230,HD001038,2015/1/18 22:30:00,470,0.0,0.0,0.0,48.05,72.0,10.0
231,HD001038,2015/1/19 5:30:00,529,0.0,0.0,0.0,46.55,74.0,12.0
232,HD001038,2015/1/19 5:45:00,716,0.0,1.0,0.0,45.16,80.0,1.0
233,HD001038,2015/1/19 6:00:00,851,0.0,0.0,0.0,43.51,67.0,5.0
234,HD001038,2015/1/19 6:15:00,945,0.0,0.0,0.0,43.35,84.0,14.0
235,HD001038,2015/1/19 6:30:00,925,0.0,1.0,0.0,43.06,78.0,3.0
236,HD001038,2015/1/19 6:45:00,907,0.0,0.0,0.0,43.66,165.0,10.0
237,HD001038,2015/1/19 7:00:00,864,0.0,0.0,0.0,42.55,67.0,8.0
238,HD001038,2015/1/19 7:15:00,848,0.0,0.0,0.0,43.94,69.0,7.0
239,HD001038,2015/1/19 7:30:00,639,0.0,0.0,0.0,46.63,78.0,1.0
240,HD001038,2015/1/19 7:45:00,558,0.0,0.0,0.0,48.54,84.0,5.0
241,HD001038,2015/1/19 8:00:00,512,0.0,0.0,0.0,48.92,78.0,12.0
242,HD001038,2015/1/19 8:15:00,463,0.0,0.0,0.0,49.65,75.0,29.0
243,HD001038,2015/1/19 8:30:00,525,0.0,0.0,0.0,48.42,76.0,4.0
244,HD001038,2015/1/19 8:45:00,530,0.0,0.0,0.0,48.59,79.0,19.0
245,HD001038,2015/1/19 9:00:00,562,1.0,5.0,0.0,48.77,109.0,6.0
246,HD001038,2015/1/19 9:15:00,690,3.0,5.0,0.0,48.37,102.0,5.0
247,HD001038,2015/1/19 15:00:00,924,31.0,63.0,0.0,46.98,97.0,7.0
248,HD001038,2015/1/19 15:15:00,766,21.0,46.0,0.0,50.05,82.0,9.0
249,HD001038,2015/1/19 15:30:00,765,15.0,36.0,0.0,48.88,86.0,1.0
250,HD001038,2015/1/19 15:45:00,851,13.0,34.0,1.0,48.64,84.0,3.0
251,HD001038,2015/1/19 9:30:00,688,2.0,11.0,0.0,47.82,92.0,1.0
252,HD001038,2015/1/19 9:45:00,689,5.0,12.0,0.0,48.02,90.0,1.0
253,HD001038,2015/1/19 10:00:00,732,3.0,8.0,0.0,48.92,99.0,7.0
254,HD001038,2015/1/19 10:15:00,750,2.0,7.0,0.0,49.42,105.0,1.0
255,HD001038,2015/1/19 10:30:00,774,6.0,9.0,0.0,49.12,90.0,2.0
256,HD001038,2015/1/19 10:45:00,735,2.0,7.0,0.0,48.55,80.0,4.0
257,HD001038,2015/1/19 11:00:00,849,4.0,14.0,0.0,47.81,81.0,1.0
258,HD001038,2015/1/19 11:15:00,789,2.0,8.0,0.0,49.03,83.0,4.0
259,HD001038,2015/1/19 11:30:00,757,6.0,11.0,0.0,48.17,94.0,3.0
260,HD001038,2015/1/19 11:45:00,863,5.0,9.0,0.0,48.06,88.0,1.0
261,HD001038,2015/1/19 12:00:00,747,2.0,9.0,0.0,48.39,94.0,5.0
262,HD001038,2015/1/19 12:15:00,829,0.0,7.0,0.0,48.18,81.0,2.0
263,HD001038,2015/1/19 12:30:00,659,3.0,4.0,0.0,49.21,101.0,3.0
264,HD001038,2015/1/19 12:45:00,828,13.0,21.0,0.0,49.22,87.0,22.0
265,HD001038,2015/1/19 13:00:00,783,15.0,43.0,0.0,50.41,87.0,6.0
266,HD001038,2015/1/19 13:15:00,815,25.0,61.0,1.0,49.41,85.0,3.0
267,HD001038,2015/1/19 13:30:00,764,22.0,59.0,0.0,49.7,83.0,4.0
268,HD001038,2015/1/19 13:45:00,803,31.0,69.0,0.0,49.68,78.0,10.0
269,HD001038,2015/1/19 14:00:00,890,37.0,96.0,0.0,48.97,85.0,3.0
270,HD001038,2015/1/19 14:15:00,732,15.0,63.0,0.0,50.8,87.0,18.0
271,HD001038,2015/1/19 14:30:00,797,21.0,59.0,0.0,49.59,84.0,4.0
272,HD001038,2015/1/19 14:45:00,915,34.0,66.0,0.0,49.52,78.0,5.0
273,HD001038,2015/1/18 15:00:00,755,0.0,0.0,0.0,47.21,78.0,10.0
274,HD001038,2015/1/18 15:15:00,714,0.0,0.0,0.0,48.04,81.0,29.0
275,HD001038,2015/1/18 15:30:00,709,0.0,0.0,0.0,48.35,98.0,23.0
276,HD001038,2015/1/19 2:15:00,285,51.0,112.0,4.0,56.56,93.0,3.0
277,HD001038,2015/1/19 2:30:00,227,46.0,96.0,3.0,55.17,95.0,4.0
278,HD001038,2015/1/19 2:45:00,179,33.0,63.0,1.0,54.55,92.0,14.0
279,HD001038,2015/1/19 3:00:00,75,0.0,1.0,0.0,46.83,86.0,11.0
280,HD001038,2015/1/19 3:15:00,96,0.0,0.0,0.0,46.11,67.0,2.0
281,HD001038,2015/1/19 3:30:00,115,0.0,1.0,0.0,49.56,73.0,29.0
282,HD001038,2015/1/19 3:45:00,80,0.0,0.0,0.0,45.33,67.0,19.0
283,HD001038,2015/1/19 4:00:00,70,0.0,0.0,0.0,45.63,68.0,11.0
284,HD001038,2015/1/19 4:15:00,110,0.0,0.0,0.0,47.15,86.0,8.0
285,HD001038,2015/1/19 4:30:00,133,0.0,0.0,0.0,46.61,80.0,8.0
286,HD001038,2015/1/19 4:45:00,210,0.0,0.0,0.0,48.76,72.0,25.0
287,HD001038,2015/1/19 5:00:00,316,0.0,0.0,0.0,47.92,87.0,10.0
288,HD001038,2015/1/19 5:15:00,447,0.0,0.0,0.0,46.81,81.0,9.0
289,HD001038,2015/1/19 19:00:00,375,114.0,369.0,5.0,74.67,107.0,50.0
290,HD001038,2015/1/19 19:15:00,364,105.0,357.0,8.0,74.98,112.0,45.0
291,HD001038,2015/1/19 19:30:00,391,118.0,382.0,8.0,72.9,104.0,4.0
292,HD001038,2015/1/19 19:45:00,544,178.0,534.0,3.0,71.62,100.0,28.0
293,HD001038,2015/1/19 20:00:00,496,163.0,484.0,8.0,73.0,101.0,51.0
294,HD001038,2015/1/19 20:15:00,429,134.0,416.0,2.0,74.56,110.0,13.0
295,HD001038,2015/1/19 20:30:00,448,159.0,441.0,3.0,75.0,102.0,2.0
296,HD001038,2015/1/19 20:45:00,464,165.0,451.0,4.0,75.3,103.0,48.0
297,HD001038,2015/1/19 21:00:00,275,63.0,268.0,3.0,76.86,102.0,57.0
298,HD001038,2015/1/19 21:15:00,379,162.0,367.0,1.0,77.97,104.0,47.0
299,HD001038,2015/1/19 21:30:00,361,140.0,355.0,0.0,77.5,114.0,52.0
300,HD001038,2015/1/19 22:00:00,237,80.0,230.0,3.0,79.24,114.0,53.0
301,HD001038,2015/1/19 22:15:00,351,124.0,342.0,4.0,78.49,125.0,54.0
302,HD001038,2015/1/19 22:30:00,357,107.0,342.0,5.0,78.0,110.0,1.0
303,HD001038,2015/1/19 23:00:00,380,180.0,373.0,3.0,78.38,111.0,52.0
304,HD001038,2015/1/19 23:15:00,346,145.0,333.0,2.0,78.29,114.0,44.0
305,HD001038,2015/1/19 23:30:00,308,108.0,296.0,3.0,78.2,120.0,7.0
306,HD001038,2015/1/19 23:45:00,398,179.0,384.0,6.0,76.09,110.0,49.0
307,HD001038,2015/1/19 16:00:00,845,17.0,46.0,1.0,49.29,93.0,7.0
308,HD001038,2015/1/19 16:15:00,894,17.0,62.0,0.0,48.7,72.0,4.0
309,HD001038,2015/1/19 16:30:00,972,26.0,79.0,0.0,48.18,92.0,6.0
310,HD001038,2015/1/19 16:45:00,291,63.0,284.0,1.0,76.1,102.0,6.0
311,HD001038,2015/1/19 17:00:00,603,154.0,585.0,1.0,71.68,102.0,1.0
312,HD001038,2015/1/19 17:15:00,554,126.0,544.0,3.0,72.2,117.0,2.0
313,HD001038,2015/1/19 17:30:00,500,104.0,489.0,1.0,71.71,102.0,4.0
314,HD001038,2015/1/19 18:15:00,509,147.0,499.0,6.0,69.29,110.0,3.0
315,HD001038,2015/1/19 18:30:00,429,140.0,422.0,10.0,73.7,108.0,18.0
316,HD001038,2015/1/19 18:45:00,308,59.0,293.0,8.0,75.49,109.0,35.0
317,HD001038,2015/1/29 12:45:00,331,122.0,324.0,4.0,79.34,111.0,1.0
318,HD001038,2015/1/29 13:00:00,255,77.0,242.0,3.0,78.44,110.0,2.0
319,HD001038,2015/1/29 13:30:00,151,54.0,142.0,0.0,77.58,110.0,55.0
320,HD001038,2015/1/29 14:15:00,399,155.0,382.0,2.0,45.91,76.0,1.0
321,HD001038,2015/1/29 14:30:00,457,143.0,433.0,2.0,68.99,118.0,4.0
322,HD001038,2015/1/29 14:45:00,437,172.0,419.0,1.0,75.26,110.0,1.0
323,HD001038,2015/1/29 15:00:00,386,140.0,369.0,1.0,74.1,109.0,1.0
324,HD001038,2015/1/29 15:15:00,281,93.0,264.0,0.0,76.46,102.0,4.0
325,HD001038,2015/1/29 15:30:00,354,142.0,330.0,0.0,75.76,119.0,5.0
326,HD001038,2015/1/29 15:45:00,317,112.0,303.0,0.0,74.66,105.0,1.0
327,HD001038,2015/1/29 16:00:00,335,104.0,323.0,0.0,75.17,108.0,1.0
328,HD001038,2015/1/29 17:00:00,628,178.0,607.0,2.0,57.92,92.0,28.0
329,HD001038,2015/1/29 17:15:00,637,206.0,628.0,6.0,68.99,99.0,4.0
330,HD001038,2015/1/29 16:15:00,288,64.0,267.0,5.0,78.28,110.0,48.0
331,HD001038,2015/1/29 16:30:00,350,78.0,325.0,2.0,75.83,106.0,3.0
332,HD001038,2015/1/29 16:45:00,460,128.0,436.0,3.0,73.19,126.0,1.0
333,HD001038,2015/1/29 7:45:00,73,21.0,71.0,0.0,81.7,108.0,62.0
334,HD001038,2015/1/29 8:15:00,279,58.0,270.0,2.0,78.53,107.0,5.0
335,HD001038,2015/1/29 8:30:00,294,64.0,285.0,1.0,80.64,104.0,54.0
336,HD001038,2015/1/29 8:45:00,353,78.0,337.0,4.0,79.86,118.0,8.0
337,HD001038,2015/1/29 9:00:00,304,65.0,290.0,2.0,80.32,108.0,1.0
338,HD001038,2015/1/29 9:15:00,353,114.0,336.0,3.0,80.42,106.0,2.0
339,HD001038,2015/1/29 9:30:00,288,91.0,281.0,0.0,78.85,111.0,4.0
340,HD001038,2015/1/29 9:45:00,299,84.0,287.0,3.0,80.64,116.0,4.0
341,HD001038,2015/1/29 10:00:00,355,123.0,349.0,1.0,77.58,113.0,1.0
342,HD001038,2015/1/29 10:15:00,325,103.0,317.0,0.0,78.18,107.0,1.0
343,HD001038,2015/1/29 10:30:00,241,60.0,233.0,1.0,79.56,105.0,2.0
344,HD001038,2015/1/29 10:45:00,330,122.0,320.0,0.0,80.45,111.0,5.0
345,HD001038,2015/1/29 11:00:00,351,133.0,338.0,0.0,79.0,104.0,5.0
346,HD001038,2015/1/29 11:15:00,347,137.0,340.0,3.0,80.01,113.0,4.0
347,HD001038,2015/1/29 11:30:00,400,164.0,385.0,2.0,79.58,105.0,1.0
348,HD001038,2015/1/29 11:45:00,304,97.0,290.0,1.0,79.73,111.0,2.0
349,HD001038,2015/1/29 12:00:00,271,96.0,260.0,0.0,81.29,117.0,9.0
350,HD001038,2015/1/29 12:15:00,315,141.0,303.0,1.0,78.38,101.0,1.0
351,HD001038,2015/1/30 0:30:00,380,164.0,367.0,2.0,75.82,106.0,45.0
352,HD001038,2015/1/30 0:45:00,408,164.0,398.0,8.0,75.07,114.0,52.0
353,HD001038,2015/1/30 1:00:00,375,155.0,362.0,8.0,75.45,107.0,46.0
354,HD001038,2015/1/30 1:15:00,368,154.0,353.0,3.0,77.36,112.0,43.0
355,HD001038,2015/1/30 12:45:00,361,138.0,350.0,1.0,77.81,115.0,8.0
356,HD001038,2015/1/30 13:00:00,286,89.0,278.0,0.0,78.55,109.0,57.0
357,HD001038,2015/1/30 13:15:00,328,115.0,317.0,1.0,78.21,107.0,1.0
358,HD001038,2015/1/30 1:30:00,310,123.0,301.0,4.0,78.57,111.0,54.0
359,HD001038,2015/1/30 1:45:00,358,152.0,347.0,6.0,77.75,117.0,52.0
360,HD001038,2015/1/30 2:00:00,267,103.0,258.0,3.0,78.06,113.0,49.0
361,HD001038,2015/1/30 13:30:00,444,168.0,432.0,5.0,75.05,103.0,3.0
362,HD001038,2015/1/30 13:45:00,333,107.0,322.0,3.0,78.42,101.0,58.0
363,HD001038,2015/1/30 14:00:00,320,93.0,307.0,3.0,79.97,132.0,53.0
364,HD001038,2015/1/30 2:15:00,207,67.0,194.0,4.0,79.55,116.0,57.0
365,HD001038,2015/1/30 2:30:00,88,39.0,81.0,3.0,82.43,125.0,54.0
366,HD001038,2015/1/30 2:45:00,60,12.0,59.0,5.0,80.13,110.0,53.0
367,HD001038,2015/1/30 14:15:00,134,46.0,125.0,0.0,77.02,98.0,12.0
368,HD001038,2015/11/1,4,2.0,4.0,0.0,70.25,77.0,61.0
369,HD001038,2015/11/1 0:15:00,1,0.0,1.0,0.0,43.0,43.0,43.0
370,HD001038,2015/1/30 3:00:00,114,46.0,112.0,1.0,82.0,115.0,54.0
371,HD001038,2015/1/30 3:15:00,88,27.0,82.0,3.0,80.5,112.0,32.0
372,HD001038,2015/1/30 3:30:00,65,15.0,61.0,2.0,75.69,104.0,52.0
373,HD001038,2015/1/30 3:45:00,57,14.0,54.0,1.0,81.18,104.0,59.0
374,HD001038,2015/11/1 0:45:00,2,0.0,2.0,0.0,96.0,99.0,93.0
375,HD001038,2015/11/1 1:00:00,3,1.0,2.0,0.0,31.67,72.0,2.0
376,HD001038,2015/11/1 1:15:00,1,1.0,1.0,0.0,83.0,83.0,83.0
377,HD001038,2015/1/30 4:00:00,50,17.0,48.0,1.0,77.8,111.0,49.0
378,HD001038,2015/1/30 4:15:00,85,31.0,85.0,1.0,76.13,99.0,55.0
379,HD001038,2015/1/30 4:30:00,109,45.0,108.0,8.0,80.47,115.0,54.0
380,HD001038,2015/11/1 2:00:00,1,0.0,1.0,0.0,75.0,75.0,75.0
381,HD001038,2015/1/30 4:45:00,149,64.0,143.0,3.0,78.95,107.0,47.0
382,HD001038,2015/1/30 5:00:00,217,79.0,209.0,7.0,76.89,103.0,53.0
383,HD001038,2015/1/30 5:15:00,303,122.0,295.0,2.0,76.22,101.0,43.0
384,HD001038,2015/11/1 2:30:00,1,1.0,1.0,0.0,2.0,2.0,2.0
385,HD001038,2015/1/30 5:30:00,412,182.0,404.0,9.0,76.53,103.0,50.0
386,HD001038,2015/1/30 5:45:00,526,192.0,515.0,11.0,73.99,98.0,34.0
387,HD001038,2015/1/30 6:00:00,633,280.0,613.0,15.0,69.81,107.0,43.0
388,HD001038,2015/11/1 3:00:00,1,0.0,1.0,0.0,82.0,82.0,82.0
389,HD001038,2015/1/29 17:45:00,629,151.0,618.0,6.0,67.45,92.0,1.0
390,HD001038,2015/1/29 18:00:00,498,156.0,492.0,9.0,69.8,94.0,3.0
391,HD001038,2015/1/29 18:15:00,523,156.0,512.0,10.0,69.11,105.0,49.0
392,HD001038,2015/1/30 6:15:00,645,238.0,637.0,9.0,70.81,95.0,40.0
393,HD001038,2015/1/30 6:30:00,641,233.0,627.0,3.0,69.47,96.0,2.0
394,HD001038,2015/1/29 18:30:00,498,156.0,486.0,5.0,70.18,103.0,2.0
395,HD001038,2015/1/29 18:45:00,393,91.0,385.0,6.0,72.49,103.0,42.0
396,HD001038,2015/1/29 19:00:00,504,166.0,494.0,8.0,71.63,97.0,44.0
397,HD001038,2015/1/30 7:00:00,576,166.0,565.0,10.0,72.43,99.0,51.0
398,HD001038,2015/1/30 7:15:00,480,141.0,468.0,7.0,76.37,99.0,58.0
399,HD001038,2015/1/30 7:30:00,399,110.0,390.0,2.0,80.51,108.0,56.0
400,HD001038,2015/1/29 19:15:00,532,186.0,524.0,5.0,69.25,99.0,2.0
401,HD001038,2015/1/29 19:30:00,417,101.0,405.0,5.0,71.32,100.0,2.0
402,HD001038,2015/1/29 19:45:00,436,107.0,421.0,9.0,71.76,100.0,45.0
403,HD001038,2015/1/30 7:45:00,370,91.0,361.0,6.0,80.37,112.0,58.0
404,HD001038,2015/1/30 8:00:00,314,57.0,311.0,5.0,80.25,113.0,58.0
405,HD001038,2015/1/29 20:00:00,520,170.0,513.0,4.0,71.12,109.0,43.0
406,HD001038,2015/1/29 20:15:00,465,145.0,451.0,8.0,74.13,103.0,56.0
407,HD001038,2015/1/29 20:30:00,494,154.0,478.0,7.0,72.01,107.0,47.0
408,HD001038,2015/1/30 8:30:00,274,54.0,267.0,5.0,81.76,116.0,3.0
409,HD001038,2015/1/30 8:45:00,240,46.0,225.0,5.0,82.81,123.0,1.0
410,HD001038,2015/1/30 9:00:00,254,60.0,246.0,3.0,79.26,113.0,1.0
411,HD001038,2015/1/29 20:45:00,476,166.0,466.0,6.0,73.19,103.0,1.0
412,HD001038,2015/1/29 21:00:00,471,150.0,460.0,8.0,72.75,107.0,42.0
413,HD001038,2015/1/30 9:15:00,357,98.0,348.0,5.0,79.47,116.0,2.0
414,HD001038,2015/1/30 9:30:00,361,129.0,354.0,3.0,80.44,106.0,2.0
415,HD001038,2015/1/30 9:45:00,400,131.0,381.0,0.0,79.43,109.0,3.0
416,HD001038,2015/1/29 21:30:00,462,169.0,454.0,6.0,74.52,110.0,46.0
417,HD001038,2015/1/29 21:45:00,397,164.0,389.0,2.0,76.15,121.0,54.0
418,HD001038,2015/1/29 22:00:00,207,57.0,199.0,2.0,77.26,123.0,42.0
419,HD001038,2015/1/30 10:00:00,408,119.0,397.0,4.0,80.55,115.0,4.0
420,HD001038,2015/1/30 10:15:00,426,118.0,416.0,2.0,79.75,106.0,5.0
421,HD001038,2015/1/30 10:30:00,403,147.0,391.0,1.0,80.77,108.0,19.0
422,HD001038,2015/1/29 22:15:00,249,74.0,242.0,1.0,79.14,115.0,53.0
423,HD001038,2015/1/29 22:30:00,379,127.0,367.0,9.0,75.98,103.0,26.0
424,HD001038,2015/1/29 22:45:00,346,115.0,339.0,0.0,75.27,113.0,1.0
425,HD001038,2015/1/30 10:45:00,427,156.0,415.0,5.0,79.44,112.0,1.0
426,HD001038,2015/1/30 11:00:00,452,158.0,437.0,2.0,79.38,110.0,3.0
427,HD001038,2015/1/30 11:15:00,406,146.0,393.0,3.0,80.26,113.0,21.0
428,HD001038,2015/1/29 23:00:00,390,145.0,385.0,5.0,76.87,111.0,50.0
429,HD001038,2015/1/29 23:15:00,442,179.0,427.0,4.0,73.85,105.0,50.0
430,HD001038,2015/1/30 11:30:00,435,153.0,427.0,4.0,79.8,102.0,57.0
431,HD001038,2015/1/30 12:00:00,351,119.0,346.0,2.0,79.11,112.0,3.0
432,HD001038,2015/1/29 23:45:00,348,129.0,338.0,6.0,76.41,116.0,49.0
433,HD001038,2015/1/30,332,135.0,321.0,3.0,77.46,104.0,48.0
434,HD001038,2015/1/30 0:15:00,394,166.0,385.0,4.0,75.69,109.0,47.0
435,HD001038,2015/1/30 12:15:00,306,102.0,297.0,2.0,80.25,108.0,2.0
436,HD001038,2015/1/30 12:30:00,311,66.0,301.0,1.0,80.23,111.0,7.0
437,HD001038,2015/11/4 5:15:00,2,0.0,2.0,1.0,64.0,70.0,58.0
438,HD001038,2015/11/4 5:30:00,4,3.0,3.0,0.0,54.25,76.0,1.0
439,HD001038,2015/11/4 5:45:00,6,0.0,5.0,0.0,64.5,75.0,36.0
440,HD001038,2015/11/4 6:00:00,13,8.0,13.0,1.0,54.77,69.0,1.0
441,HD001038,2015/11/2 15:15:00,149,21.0,131.0,1.0,60.72,95.0,1.0
442,HD001038,2015/11/2 15:45:00,4,0.0,4.0,0.0,72.0,85.0,65.0
443,HD001038,2015/11/3 15:45:00,190,13.0,173.0,1.0,57.59,95.0,1.0
444,HD001038,2015/11/3 16:00:00,214,30.0,201.0,4.0,51.32,86.0,1.0
445,HD001038,2015/11/3 16:15:00,298,60.0,285.0,8.0,55.04,90.0,1.0
446,HD001038,2015/11/4 6:15:00,9,6.0,9.0,0.0,47.67,77.0,1.0
447,HD001038,2015/11/4 6:30:00,1,1.0,1.0,0.0,83.0,83.0,83.0
448,HD001038,2015/11/4 6:45:00,28,1.0,26.0,0.0,53.0,81.0,1.0
449,HD001038,2015/11/4 7:00:00,448,131.0,431.0,13.0,64.31,103.0,1.0
450,HD001038,2015/11/2 16:00:00,871,199.0,825.0,22.0,29.39,74.0,4.0
451,HD001038,2015/11/2 16:15:00,682,191.0,653.0,9.0,36.29,88.0,1.0
452,HD001038,2015/11/2 16:30:00,397,52.0,375.0,3.0,55.43,94.0,1.0
453,HD001038,2015/11/3 4:45:00,4,1.0,4.0,0.0,58.75,75.0,35.0
454,HD001038,2015/11/3 5:00:00,1,1.0,1.0,0.0,59.0,59.0,59.0
455,HD001038,2015/11/3 5:15:00,3,1.0,3.0,0.0,72.33,75.0,67.0
456,HD001038,2015/11/3 16:30:00,321,46.0,302.0,7.0,49.5,95.0,1.0
457,HD001038,2015/11/3 16:45:00,107,12.0,104.0,0.0,61.74,83.0,1.0
458,HD001038,2015/11/3 17:00:00,3,0.0,3.0,0.0,69.0,72.0,66.0
459,HD001038,2015/11/4 7:15:00,495,131.0,473.0,13.0,63.03,88.0,1.0
460,HD001038,2015/11/4 7:30:00,307,81.0,299.0,2.0,56.07,100.0,1.0
461,HD001038,2015/11/4 7:45:00,134,12.0,119.0,1.0,40.73,87.0,1.0
462,HD001038,2015/11/4 8:00:00,105,9.0,97.0,1.0,52.67,91.0,1.0
463,HD001038,2015/11/4 8:15:00,110,10.0,105.0,3.0,48.29,94.0,1.0
464,HD001038,2015/11/2 16:45:00,231,33.0,217.0,6.0,60.21,95.0,1.0
465,HD001038,2015/11/2 17:00:00,6,2.0,6.0,0.0,52.33,67.0,1.0
466,HD001038,2015/11/2 17:15:00,2,0.0,1.0,0.0,68.5,76.0,61.0
467,HD001038,2015/11/3 5:30:00,6,3.0,6.0,0.0,44.5,71.0,1.0
468,HD001038,2015/11/3 5:45:00,5,1.0,4.0,0.0,31.8,68.0,5.0
469,HD001038,2015/11/3 6:00:00,6,1.0,6.0,0.0,43.5,61.0,5.0
470,HD001038,2015/11/3 6:15:00,5,3.0,5.0,0.0,65.4,87.0,34.0
471,HD001038,2015/11/3 17:15:00,4,2.0,4.0,0.0,47.25,61.0,16.0
472,HD001038,2015/11/3 17:30:00,8,2.0,8.0,0.0,54.38,69.0,2.0
473,HD001038,2015/11/3 17:45:00,6,1.0,6.0,0.0,45.67,75.0,5.0
474,HD001038,2015/11/4 8:30:00,121,10.0,113.0,2.0,49.85,99.0,1.0
475,HD001038,2015/11/4 8:45:00,117,7.0,104.0,0.0,52.0,83.0,1.0
476,HD001038,2015/11/4 9:00:00,146,20.0,134.0,3.0,46.32,83.0,1.0
477,HD001038,2015/11/4 9:15:00,204,20.0,187.0,1.0,57.5,92.0,1.0
478,HD001038,2015/11/2 17:30:00,7,2.0,7.0,0.0,52.57,74.0,28.0
479,HD001038,2015/11/2 17:45:00,4,1.0,4.0,0.0,64.75,71.0,54.0
480,HD001038,2015/11/2 18:00:00,6,1.0,6.0,0.0,66.17,78.0,52.0
481,HD001038,2015/11/3 6:30:00,4,0.0,4.0,0.0,57.0,86.0,1.0
482,HD001038,2015/11/3 6:45:00,251,61.0,244.0,3.0,57.55,89.0,1.0
483,HD001038,2015/11/3 7:00:00,438,92.0,420.0,9.0,58.09,96.0,1.0
484,HD001038,2015/11/3 18:00:00,8,2.0,8.0,0.0,51.25,73.0,4.0
485,HD001038,2015/11/3 18:15:00,1,1.0,1.0,0.0,6.0,6.0,6.0
486,HD001038,2015/11/3 18:30:00,3,1.0,3.0,0.0,44.33,78.0,2.0
487,HD001038,2015/11/4 9:30:00,151,25.0,140.0,3.0,51.52,89.0,1.0
488,HD001038,2015/11/4 9:45:00,167,19.0,149.0,1.0,53.13,97.0,1.0
489,HD001038,2015/11/4 10:00:00,203,19.0,184.0,2.0,53.91,88.0,1.0
490,HD001038,2015/11/2 18:15:00,1,0.0,1.0,0.0,60.0,60.0,60.0
491,HD001038,2015/11/2 18:30:00,2,0.0,2.0,0.0,61.5,66.0,57.0
492,HD001038,2015/11/2 18:45:00,3,0.0,3.0,0.0,49.0,70.0,16.0
493,HD001038,2015/11/3 7:15:00,226,44.0,215.0,4.0,47.19,93.0,1.0
494,HD001038,2015/11/3 7:30:00,194,20.0,178.0,4.0,48.47,92.0,1.0
495,HD001038,2015/11/3 7:45:00,141,10.0,125.0,3.0,49.8,94.0,1.0
496,HD001038,2015/11/3 8:00:00,106,8.0,101.0,1.0,52.68,87.0,1.0
497,HD001038,2015/11/3 18:45:00,2,1.0,2.0,0.0,74.5,76.0,73.0
498,HD001038,2015/11/3 19:00:00,1,0.0,0.0,0.0,66.0,66.0,66.0
499,HD001038,2015/11/3 19:15:00,3,1.0,3.0,0.0,74.0,80.0,71.0
500,HD001038,2015/11/4 11:00:00,194,17.0,170.0,1.0,53.18,86.0,1.0
501,HD001038,2015/11/4 11:15:00,221,27.0,203.0,3.0,57.29,91.0,1.0
502,HD001038,2015/11/2 19:00:00,3,2.0,3.0,0.0,36.33,54.0,2.0
503,HD001038,2015/11/2 19:15:00,2,0.0,2.0,0.0,67.0,69.0,65.0
504,HD001038,2015/11/2 19:30:00,4,1.0,4.0,0.0,48.75,70.0,2.0
505,HD001038,2015/11/3 8:15:00,91,4.0,83.0,2.0,59.08,92.0,1.0
506,HD001038,2015/11/3 8:30:00,110,15.0,94.0,0.0,52.66,91.0,1.0
507,HD001038,2015/11/3 8:45:00,131,8.0,113.0,1.0,57.67,97.0,1.0
508,HD001038,2015/11/3 19:30:00,3,1.0,2.0,0.0,46.33,71.0,2.0
509,HD001038,2015/11/3 19:45:00,6,4.0,6.0,0.0,48.83,70.0,3.0
510,HD001038,2015/11/3 20:00:00,3,0.0,3.0,0.0,65.0,69.0,59.0
511,HD001038,2015/11/4 10:15:00,203,28.0,181.0,3.0,56.0,88.0,1.0
512,HD001038,2015/11/4 10:30:00,221,35.0,200.0,4.0,56.05,98.0,1.0
513,HD001038,2015/11/4 10:45:00,174,24.0,159.0,1.0,57.48,85.0,1.0
514,HD001038,2015/11/2 19:45:00,4,1.0,3.0,0.0,44.75,64.0,1.0
515,HD001038,2015/11/2 20:00:00,1,0.0,1.0,0.0,57.0,57.0,57.0
516,HD001038,2015/11/2 20:15:00,3,0.0,3.0,0.0,65.33,67.0,64.0
517,HD001038,2015/11/3 9:00:00,163,13.0,144.0,3.0,56.64,94.0,1.0
518,HD001038,2015/11/3 9:15:00,169,15.0,159.0,1.0,54.71,84.0,1.0
519,HD001038,2015/11/3 9:30:00,159,12.0,146.0,1.0,57.13,89.0,1.0
520,HD001038,2015/11/3 20:15:00,2,0.0,2.0,0.0,76.0,82.0,70.0
521,HD001038,2015/11/3 20:30:00,2,2.0,2.0,0.0,1.5,2.0,1.0
522,HD001038,2015/11/3 20:45:00,3,2.0,3.0,0.0,47.0,55.0,36.0
523,HD001038,2015/11/2 20:30:00,4,1.0,4.0,0.0,54.75,73.0,41.0
524,HD001038,2015/11/2 20:45:00,3,0.0,3.0,0.0,62.67,72.0,55.0
525,HD001038,2015/11/2 21:00:00,2,0.0,2.0,0.0,74.5,76.0,73.0
526,HD001038,2015/11/3 9:45:00,215,22.0,187.0,3.0,55.59,102.0,1.0
527,HD001038,2015/11/3 10:00:00,242,20.0,214.0,1.0,60.89,93.0,1.0
528,HD001038,2015/11/3 10:15:00,276,40.0,249.0,2.0,60.3,91.0,1.0
529,HD001038,2015/11/3 21:00:00,3,0.0,3.0,0.0,24.67,70.0,2.0
530,HD001038,2015/11/3 21:15:00,1,0.0,1.0,0.0,45.0,45.0,45.0
531,HD001038,2015/11/3 21:30:00,2,0.0,2.0,0.0,71.5,77.0,66.0
532,HD001038,2015/11/2 9:15:00,17,4.0,16.0,0.0,80.0,94.0,67.0
533,HD001038,2015/11/2 9:30:00,289,44.0,274.0,2.0,66.11,105.0,1.0
534,HD001038,2015/11/2 9:45:00,338,36.0,317.0,6.0,64.49,98.0,1.0
535,HD001038,2015/11/2 21:15:00,2,1.0,2.0,0.0,58.0,71.0,45.0
536,HD001038,2015/11/2 21:30:00,3,0.0,3.0,0.0,63.67,102.0,3.0
537,HD001038,2015/11/2 21:45:00,1,0.0,1.0,0.0,59.0,59.0,59.0
538,HD001038,2015/11/3 10:30:00,315,37.0,292.0,4.0,65.77,96.0,1.0
539,HD001038,2015/11/3 10:45:00,461,107.0,438.0,7.0,67.28,97.0,1.0
540,HD001038,2015/11/3 11:00:00,566,166.0,532.0,8.0,68.11,97.0,1.0
541,HD001038,2015/11/3 21:45:00,4,3.0,4.0,0.0,37.25,72.0,8.0
542,HD001038,2015/11/3 22:00:00,2,0.0,2.0,0.0,67.0,73.0,61.0
543,HD001038,2015/11/3 22:15:00,2,0.0,2.0,0.0,66.0,89.0,43.0
544,HD001038,2015/11/2 10:00:00,439,96.0,410.0,6.0,71.07,102.0,1.0
545,HD001038,2015/11/2 10:15:00,524,136.0,492.0,6.0,70.02,93.0,1.0
546,HD001038,2015/11/2 10:30:00,540,149.0,510.0,10.0,71.81,104.0,1.0
547,HD001038,2015/11/2 22:00:00,3,2.0,3.0,0.0,69.67,78.0,59.0
548,HD001038,2015/11/2 22:15:00,3,2.0,3.0,0.0,50.0,81.0,5.0
549,HD001038,2015/11/2 22:30:00,1,0.0,1.0,0.0,65.0,65.0,65.0
550,HD001038,2015/11/3 11:15:00,500,125.0,473.0,9.0,68.36,93.0,1.0
551,HD001038,2015/11/3 11:45:00,516,127.0,494.0,7.0,69.19,107.0,1.0
552,HD001038,2015/11/3 22:45:00,2,0.0,2.0,0.0,79.0,86.0,72.0
553,HD001038,2015/11/3 23:00:00,4,3.0,3.0,0.0,54.5,72.0,9.0
554,HD001038,2015/11/3 23:15:00,2,0.0,2.0,0.0,68.0,74.0,62.0
555,HD001038,2015/11/3 23:30:00,3,1.0,3.0,0.0,49.0,89.0,2.0
556,HD001038,2015/11/2 10:45:00,510,148.0,484.0,14.0,73.32,100.0,3.0
557,HD001038,2015/11/2 11:00:00,509,161.0,497.0,10.0,73.85,104.0,1.0
558,HD001038,2015/11/2 11:15:00,521,170.0,496.0,12.0,73.47,101.0,4.0
559,HD001038,2015/11/2 22:45:00,8,2.0,7.0,0.0,49.25,83.0,2.0
560,HD001038,2015/11/2 23:00:00,1,1.0,1.0,0.0,60.0,60.0,60.0
561,HD001038,2015/11/2 23:15:00,3,1.0,3.0,0.0,43.0,68.0,9.0
562,HD001038,2015/11/3 12:00:00,496,140.0,473.0,10.0,72.75,103.0,4.0
563,HD001038,2015/11/3 12:15:00,478,126.0,449.0,8.0,74.81,101.0,1.0
564,HD001038,2015/11/3 12:30:00,540,174.0,513.0,10.0,71.81,102.0,1.0
565,HD001038,2015/11/3 23:45:00,5,2.0,4.0,0.0,68.8,81.0,63.0
566,HD001038,2015/11/4,3,1.0,3.0,0.0,80.33,97.0,71.0
567,HD001038,2015/11/4 0:15:00,1,1.0,1.0,0.0,72.0,72.0,72.0
568,HD001038,2015/11/2 11:30:00,571,189.0,552.0,9.0,73.84,111.0,1.0
569,HD001038,2015/11/2 11:45:00,522,150.0,500.0,11.0,74.85,102.0,5.0
570,HD001038,2015/11/2 12:00:00,524,170.0,497.0,9.0,75.71,108.0,5.0
571,HD001038,2015/11/2 23:30:00,7,3.0,7.0,0.0,48.86,73.0,1.0
572,HD001038,2015/11/2 23:45:00,1,0.0,1.0,0.0,75.0,75.0,75.0
573,HD001038,2015/11/3,1,0.0,1.0,0.0,1.0,1.0,1.0
574,HD001038,2015/11/3 12:45:00,475,94.0,452.0,8.0,72.72,108.0,1.0
575,HD001038,2015/11/3 13:00:00,414,119.0,398.0,11.0,72.55,102.0,51.0
576,HD001038,2015/11/3 13:15:00,578,167.0,553.0,15.0,73.03,97.0,36.0
577,HD001038,2015/11/4 0:30:00,3,1.0,3.0,0.0,64.0,67.0,61.0
578,HD001038,2015/11/4 0:45:00,7,6.0,7.0,0.0,71.43,89.0,54.0
579,HD001038,2015/11/4 1:00:00,2,0.0,2.0,1.0,74.0,83.0,65.0
580,HD001038,2015/11/4 1:15:00,1,0.0,1.0,0.0,64.0,64.0,64.0
581,HD001038,2015/11/2 12:15:00,559,205.0,541.0,16.0,75.68,100.0,40.0
582,HD001038,2015/11/2 12:30:00,606,208.0,578.0,6.0,72.86,98.0,3.0
583,HD001038,2015/11/2 12:45:00,505,133.0,481.0,11.0,74.5,101.0,3.0
584,HD001038,2015/11/3 0:30:00,2,0.0,2.0,0.0,32.5,64.0,1.0
585,HD001038,2015/11/3 0:45:00,3,0.0,3.0,1.0,56.0,63.0,46.0
586,HD001038,2015/11/3 13:30:00,563,150.0,532.0,14.0,70.63,94.0,1.0
587,HD001038,2015/11/3 13:45:00,574,135.0,552.0,11.0,71.67,99.0,1.0
588,HD001038,2015/11/3 14:00:00,593,135.0,570.0,13.0,70.57,95.0,1.0
589,HD001038,2015/11/4 1:45:00,1,1.0,1.0,0.0,96.0,96.0,96.0
590,HD001038,2015/11/4 2:00:00,1,0.0,1.0,0.0,42.0,42.0,42.0
591,HD001038,2015/11/4 2:15:00,2,2.0,2.0,0.0,1.5,2.0,1.0
592,HD001038,2015/11/2 13:00:00,455,100.0,429.0,10.0,73.08,107.0,1.0
593,HD001038,2015/11/2 13:15:00,510,124.0,481.0,17.0,73.4,99.0,1.0
594,HD001038,2015/11/2 13:30:00,417,100.0,389.0,13.0,73.99,118.0,1.0
595,HD001038,2015/11/3 1:00:00,4,0.0,4.0,0.0,57.25,78.0,7.0
596,HD001038,2015/11/3 1:15:00,2,0.0,2.0,0.0,8.0,11.0,5.0
597,HD001038,2015/11/3 14:15:00,501,121.0,480.0,8.0,69.25,97.0,1.0
598,HD001038,2015/11/3 14:30:00,405,60.0,383.0,4.0,64.81,112.0,1.0
599,HD001038,2015/11/3 14:45:00,337,52.0,310.0,6.0,63.68,100.0,1.0
600,HD001038,2015/11/2 14:00:00,649,136.0,608.0,18.0,47.37,85.0,18.0
601,HD001038,2015/11/2 14:15:00,829,263.0,798.0,13.0,64.0,92.0,40.0
602,HD001038,2015/11/3 2:00:00,1,0.0,1.0,0.0,4.0,4.0,4.0
603,HD001038,2015/11/3 2:15:00,1,0.0,1.0,0.0,10.0,10.0,10.0
604,HD001038,2015/11/3 15:00:00,238,24.0,216.0,2.0,57.03,88.0,1.0
605,HD001038,2015/11/3 15:15:00,184,12.0,162.0,2.0,57.56,100.0,1.0
606,HD001038,2015/11/3 15:30:00,261,34.0,237.0,4.0,55.03,93.0,1.0
607,HD001038,2015/11/4 4:15:00,1,0.0,1.0,0.0,86.0,86.0,86.0
608,HD001038,2015/11/4 5:00:00,1,0.0,1.0,0.0,76.0,76.0,76.0
609,HD001038,2015/11/2 14:30:00,642,174.0,621.0,15.0,69.73,99.0,2.0
610,HD001038,2015/11/2 14:45:00,560,162.0,536.0,6.0,69.85,99.0,1.0
611,HD001038,2015/11/2 15:00:00,338,57.0,310.0,5.0,64.07,94.0,1.0
612,HD001038,2015/11/3 2:45:00,1,0.0,1.0,0.0,1.0,1.0,1.0
613,HD001038,2015/11/6 6:30:00,1,0.0,1.0,0.0,50.0,50.0,50.0
614,HD001038,2015/11/6 7:00:00,17,6.0,16.0,0.0,60.06,68.0,45.0
615,HD001038,2015/11/6 7:15:00,107,28.0,103.0,2.0,57.78,77.0,1.0
616,HD001038,2015/11/4 18:15:00,3,1.0,3.0,0.0,58.33,60.0,57.0
617,HD001038,2015/11/4 18:30:00,2,0.0,1.0,0.0,52.0,65.0,39.0
618,HD001038,2015/11/4 18:45:00,1,0.0,1.0,0.0,57.0,57.0,57.0
619,HD001038,2015/11/5 6:45:00,9,1.0,9.0,0.0,41.11,64.0,1.0
620,HD001038,2015/11/5 7:00:00,2,0.0,2.0,1.0,60.0,64.0,56.0
621,HD001038,2015/11/5 17:45:00,7,3.0,6.0,0.0,36.14,62.0,1.0
622,HD001038,2015/11/5 18:00:00,4,1.0,4.0,0.0,35.0,52.0,10.0
623,HD001038,2015/11/5 18:15:00,3,0.0,3.0,0.0,43.67,66.0,1.0
624,HD001038,2015/11/6 7:30:00,193,43.0,184.0,2.0,55.49,84.0,1.0
625,HD001038,2015/11/6 7:45:00,291,62.0,277.0,8.0,61.8,90.0,1.0
626,HD001038,2015/11/6 8:00:00,173,33.0,165.0,2.0,66.56,88.0,48.0
627,HD001038,2015/11/4 19:15:00,5,1.0,5.0,0.0,43.6,83.0,2.0
628,HD001038,2015/11/4 19:30:00,2,1.0,2.0,0.0,62.0,71.0,53.0
629,HD001038,2015/11/5 7:30:00,2,0.0,2.0,0.0,34.5,64.0,5.0
630,HD001038,2015/11/5 8:00:00,8,0.0,7.0,0.0,32.38,75.0,1.0
631,HD001038,2015/11/5 18:30:00,1,0.0,1.0,0.0,58.0,58.0,58.0
632,HD001038,2015/11/5 18:45:00,1,0.0,1.0,0.0,59.0,59.0,59.0
633,HD001038,2015/11/6 8:15:00,78,11.0,76.0,3.0,56.05,83.0,1.0
634,HD001038,2015/11/6 8:30:00,42,8.0,40.0,1.0,45.79,77.0,1.0
635,HD001038,2015/11/6 8:45:00,34,7.0,32.0,1.0,34.47,78.0,1.0
636,HD001038,2015/11/4 19:45:00,6,2.0,4.0,0.0,54.0,63.0,46.0
637,HD001038,2015/11/4 20:00:00,4,1.0,4.0,0.0,49.0,67.0,2.0
638,HD001038,2015/11/4 20:15:00,3,0.0,3.0,0.0,61.0,63.0,57.0
639,HD001038,2015/11/5 8:15:00,3,0.0,3.0,0.0,2.0,2.0,2.0
640,HD001038,2015/11/5 8:30:00,46,8.0,43.0,0.0,56.04,90.0,1.0
641,HD001038,2015/11/5 8:45:00,43,5.0,42.0,2.0,45.42,84.0,1.0
642,HD001038,2015/11/5 19:30:00,1,0.0,1.0,0.0,63.0,63.0,63.0
643,HD001038,2015/11/6 9:00:00,42,3.0,40.0,1.0,39.29,77.0,1.0
644,HD001038,2015/11/6 9:15:00,35,9.0,32.0,2.0,39.2,77.0,1.0
645,HD001038,2015/11/6 9:30:00,42,3.0,37.0,0.0,45.98,75.0,1.0
646,HD001038,2015/11/4 20:30:00,4,0.0,4.0,0.0,46.75,63.0,1.0
647,HD001038,2015/11/4 20:45:00,5,0.0,5.0,1.0,62.8,70.0,54.0
648,HD001038,2015/11/4 21:00:00,3,1.0,3.0,0.0,63.0,79.0,55.0
649,HD001038,2015/11/5 9:00:00,50,5.0,48.0,2.0,35.18,57.0,1.0
650,HD001038,2015/11/5 9:15:00,618,127.0,587.0,16.0,51.38,84.0,1.0
651,HD001038,2015/11/5 20:00:00,2,1.0,2.0,0.0,13.5,25.0,2.0
652,HD001038,2015/11/5 20:15:00,1,0.0,1.0,0.0,1.0,1.0,1.0
653,HD001038,2015/11/5 20:30:00,1,1.0,1.0,0.0,1.0,1.0,1.0
654,HD001038,2015/11/6 9:45:00,69,12.0,66.0,0.0,50.29,83.0,1.0
655,HD001038,2015/11/6 10:00:00,67,7.0,62.0,0.0,39.79,75.0,1.0
656,HD001038,2015/11/6 10:15:00,59,9.0,55.0,1.0,52.75,83.0,1.0
657,HD001038,2015/11/4 21:15:00,1,0.0,0.0,0.0,76.0,76.0,76.0
658,HD001038,2015/11/4 21:30:00,4,0.0,4.0,0.0,35.0,66.0,1.0
659,HD001038,2015/11/4 21:45:00,1,1.0,1.0,0.0,92.0,92.0,92.0
660,HD001038,2015/11/5 9:30:00,333,83.0,319.0,6.0,68.04,99.0,1.0
661,HD001038,2015/11/5 9:45:00,364,104.0,347.0,6.0,63.52,88.0,1.0
662,HD001038,2015/11/5 10:00:00,370,103.0,346.0,3.0,60.33,87.0,1.0
663,HD001038,2015/11/5 20:45:00,1,0.0,1.0,0.0,59.0,59.0,59.0
664,HD001038,2015/11/5 21:00:00,3,2.0,3.0,0.0,42.67,68.0,2.0
665,HD001038,2015/11/5 21:15:00,4,0.0,3.0,0.0,35.25,72.0,2.0
666,HD001038,2015/11/6 11:15:00,98,19.0,91.0,0.0,47.6,79.0,1.0
667,HD001038,2015/11/6 11:30:00,51,8.0,48.0,0.0,45.98,78.0,1.0
668,HD001038,2015/11/6 11:45:00,99,24.0,94.0,1.0,40.0,115.0,1.0
669,HD001038,2015/11/4 22:30:00,1,0.0,1.0,0.0,91.0,91.0,91.0
670,HD001038,2015/11/5 10:15:00,186,37.0,171.0,5.0,29.38,83.0,1.0
671,HD001038,2015/11/5 10:30:00,146,30.0,135.0,2.0,26.79,92.0,1.0
672,HD001038,2015/11/5 10:45:00,156,26.0,145.0,1.0,29.61,84.0,1.0
673,HD001038,2015/11/5 21:30:00,2,0.0,2.0,0.0,52.5,77.0,28.0
674,HD001038,2015/11/5 22:00:00,1,0.0,1.0,0.0,83.0,83.0,83.0
675,HD001038,2015/11/6 10:30:00,98,22.0,91.0,2.0,41.58,79.0,1.0
676,HD001038,2015/11/6 11:00:00,87,13.0,80.0,1.0,49.8,83.0,1.0
677,HD001038,2015/11/4 22:45:00,3,0.0,3.0,0.0,38.33,59.0,3.0
678,HD001038,2015/11/4 23:00:00,7,2.0,7.0,1.0,34.29,71.0,1.0
679,HD001038,2015/11/4 23:15:00,2,1.0,2.0,0.0,35.5,69.0,2.0
680,HD001038,2015/11/5 11:00:00,176,42.0,166.0,2.0,29.3,90.0,1.0
681,HD001038,2015/11/5 11:15:00,175,48.0,170.0,6.0,25.62,87.0,1.0
682,HD001038,2015/11/5 11:30:00,189,65.0,177.0,2.0,22.83,85.0,1.0
683,HD001038,2015/11/5 22:15:00,1,0.0,1.0,0.0,1.0,1.0,1.0
684,HD001038,2015/11/5 22:30:00,2,0.0,1.0,0.0,2.5,3.0,2.0
685,HD001038,2015/11/4 11:30:00,197,24.0,181.0,6.0,53.69,89.0,1.0
686,HD001038,2015/11/4 11:45:00,156,14.0,136.0,1.0,58.12,88.0,1.0
687,HD001038,2015/11/4 12:00:00,381,62.0,353.0,6.0,63.17,93.0,1.0
688,HD001038,2015/11/4 23:30:00,5,1.0,5.0,0.0,43.8,86.0,1.0
689,HD001038,2015/11/4 23:45:00,5,2.0,4.0,0.0,23.2,74.0,1.0
690,HD001038,2015/11/5,4,2.0,4.0,0.0,41.0,88.0,1.0
691,HD001038,2015/11/5 11:45:00,147,44.0,136.0,2.0,22.63,83.0,1.0
692,HD001038,2015/11/5 12:00:00,423,130.0,407.0,9.0,64.69,87.0,1.0
693,HD001038,2015/11/5 12:15:00,490,156.0,464.0,10.0,66.09,89.0,1.0
694,HD001038,2015/11/5 23:00:00,2,0.0,2.0,0.0,36.5,72.0,1.0
695,HD001038,2015/11/5 23:15:00,1,1.0,1.0,0.0,2.0,2.0,2.0
696,HD001038,2015/11/5 23:45:00,1,0.0,1.0,0.0,68.0,68.0,68.0
697,HD001038,2015/11/4 12:15:00,212,24.0,182.0,0.0,58.81,95.0,1.0
698,HD001038,2015/11/4 12:30:00,284,39.0,256.0,4.0,57.48,89.0,1.0
699,HD001038,2015/11/4 12:45:00,295,50.0,274.0,2.0,59.76,91.0,1.0
700,HD001038,2015/11/5 0:15:00,2,0.0,1.0,0.0,61.5,77.0,46.0
701,HD001038,2015/11/5 0:45:00,2,0.0,2.0,0.0,1.5,2.0,1.0
702,HD001038,2015/11/5 12:30:00,454,137.0,431.0,6.0,68.62,97.0,1.0
703,HD001038,2015/11/5 12:45:00,77,7.0,75.0,2.0,61.47,82.0,1.0
704,HD001038,2015/11/5 13:00:00,83,13.0,72.0,1.0,59.57,92.0,1.0
705,HD001038,2015/11/6 0:15:00,1,0.0,1.0,1.0,60.0,60.0,60.0
706,HD001038,2015/11/6 0:30:00,3,1.0,3.0,0.0,42.33,89.0,18.0
707,HD001038,2015/11/6 0:45:00,1,1.0,1.0,0.0,96.0,96.0,96.0
708,HD001038,2015/11/4 13:00:00,190,13.0,166.0,1.0,55.86,87.0,1.0
709,HD001038,2015/11/4 13:15:00,244,22.0,219.0,1.0,57.5,87.0,1.0
710,HD001038,2015/11/4 13:30:00,199,16.0,183.0,0.0,56.37,86.0,1.0
711,HD001038,2015/11/5 1:00:00,2,0.0,1.0,0.0,16.5,30.0,3.0
712,HD001038,2015/11/5 1:15:00,3,0.0,2.0,0.0,6.33,14.0,1.0
713,HD001038,2015/11/5 1:30:00,2,0.0,2.0,0.0,40.5,79.0,2.0
714,HD001038,2015/11/5 13:15:00,142,27.0,137.0,1.0,58.2,82.0,1.0
715,HD001038,2015/11/5 13:30:00,273,45.0,256.0,6.0,60.09,87.0,1.0
716,HD001038,2015/11/5 13:45:00,249,44.0,237.0,5.0,61.16,91.0,1.0
717,HD001038,2015/11/6 1:00:00,2,1.0,2.0,0.0,30.5,60.0,1.0
718,HD001038,2015/11/6 1:15:00,1,0.0,1.0,0.0,1.0,1.0,1.0
719,HD001038,2015/11/6 1:30:00,3,0.0,2.0,1.0,3.0,6.0,1.0
720,HD001038,2015/11/4 13:45:00,203,21.0,184.0,0.0,59.76,89.0,1.0
721,HD001038,2015/11/4 14:00:00,263,40.0,247.0,5.0,52.21,94.0,1.0
722,HD001038,2015/11/4 14:15:00,256,32.0,234.0,5.0,58.72,94.0,1.0
723,HD001038,2015/11/5 1:45:00,2,1.0,2.0,0.0,72.5,82.0,63.0
724,HD001038,2015/11/5 2:15:00,1,1.0,1.0,0.0,6.0,6.0,6.0
725,HD001038,2015/11/5 14:00:00,557,155.0,531.0,11.0,64.22,94.0,1.0
726,HD001038,2015/11/5 14:15:00,572,157.0,553.0,11.0,63.51,90.0,1.0
727,HD001038,2015/11/5 14:30:00,388,89.0,372.0,0.0,61.39,89.0,1.0
728,HD001038,2015/11/6 2:00:00,1,0.0,1.0,0.0,2.0,2.0,2.0
729,HD001038,2015/11/4 14:30:00,222,28.0,202.0,1.0,60.77,88.0,1.0
730,HD001038,2015/11/4 14:45:00,223,19.0,197.0,3.0,57.6,89.0,1.0
731,HD001038,2015/11/4 15:00:00,229,30.0,212.0,1.0,57.92,85.0,1.0
732,HD001038,2015/11/5 2:30:00,1,1.0,1.0,0.0,90.0,90.0,90.0
733,HD001038,2015/11/5 3:15:00,1,0.0,1.0,0.0,3.0,3.0,3.0
734,HD001038,2015/11/5 14:45:00,174,42.0,167.0,3.0,29.77,79.0,1.0
735,HD001038,2015/11/5 15:00:00,171,34.0,159.0,1.0,25.24,77.0,1.0
736,HD001038,2015/11/5 15:15:00,193,48.0,183.0,2.0,32.0,77.0,1.0
737,HD001038,2015/11/6 3:00:00,2,1.0,2.0,0.0,39.5,76.0,3.0
738,HD001038,2015/11/4 15:15:00,237,33.0,218.0,1.0,53.57,91.0,1.0
739,HD001038,2015/11/4 15:30:00,207,32.0,193.0,3.0,55.34,92.0,1.0
740,HD001038,2015/11/4 15:45:00,247,42.0,232.0,3.0,51.53,90.0,1.0
741,HD001038,2015/11/5 3:30:00,1,0.0,1.0,0.0,91.0,91.0,91.0
742,HD001038,2015/11/5 15:30:00,157,29.0,148.0,5.0,27.62,100.0,1.0
743,HD001038,2015/11/5 15:45:00,304,82.0,291.0,3.0,52.38,90.0,1.0
744,HD001038,2015/11/5 16:00:00,517,121.0,501.0,15.0,65.72,87.0,1.0
745,HD001038,2015/11/6 4:15:00,1,1.0,1.0,0.0,80.0,80.0,80.0
746,HD001038,2015/11/6 4:30:00,1,0.0,1.0,0.0,15.0,15.0,15.0
747,HD001038,2015/11/4 16:00:00,317,54.0,301.0,5.0,49.33,99.0,1.0
748,HD001038,2015/11/4 16:15:00,269,59.0,254.0,5.0,48.09,94.0,1.0
749,HD001038,2015/11/4 16:30:00,142,13.0,137.0,2.0,63.02,92.0,1.0
750,HD001038,2015/11/5 4:30:00,2,2.0,2.0,0.0,79.0,82.0,76.0
751,HD001038,2015/11/5 4:45:00,2,2.0,2.0,0.0,33.0,60.0,6.0
752,HD001038,2015/11/5 5:00:00,1,0.0,1.0,0.0,81.0,81.0,81.0
753,HD001038,2015/11/5 16:15:00,151,29.0,146.0,5.0,65.74,84.0,1.0
754,HD001038,2015/11/5 16:30:00,9,1.0,8.0,0.0,33.44,70.0,1.0
755,HD001038,2015/11/5 16:45:00,3,0.0,2.0,0.0,56.33,67.0,45.0
756,HD001038,2015/11/6 5:00:00,1,0.0,1.0,0.0,52.0,52.0,52.0
757,HD001038,2015/11/6 5:15:00,3,2.0,3.0,0.0,34.33,57.0,1.0
758,HD001038,2015/11/6 5:30:00,5,0.0,5.0,0.0,51.0,75.0,7.0
759,HD001038,2015/11/4 16:45:00,9,0.0,9.0,0.0,61.22,80.0,2.0
760,HD001038,2015/11/4 17:00:00,3,1.0,3.0,0.0,73.67,78.0,67.0
761,HD001038,2015/11/4 17:15:00,6,2.0,6.0,0.0,53.33,75.0,5.0
762,HD001038,2015/11/5 5:15:00,2,2.0,2.0,0.0,76.5,79.0,74.0
763,HD001038,2015/11/5 5:30:00,1,1.0,1.0,0.0,67.0,67.0,67.0
764,HD001038,2015/11/5 5:45:00,1,0.0,1.0,0.0,13.0,13.0,13.0
765,HD001038,2015/11/5 17:00:00,8,1.0,7.0,0.0,59.5,77.0,46.0
766,HD001038,2015/11/5 17:15:00,10,3.0,9.0,0.0,52.6,69.0,38.0
767,HD001038,2015/11/6 5:45:00,6,3.0,5.0,0.0,35.67,56.0,2.0
768,HD001038,2015/11/6 6:00:00,5,2.0,5.0,0.0,51.2,59.0,44.0
769,HD001038,2015/11/6 6:15:00,7,2.0,7.0,0.0,51.86,62.0,37.0
770,HD001038,2015/11/4 17:30:00,7,3.0,7.0,0.0,51.57,68.0,1.0
771,HD001038,2015/11/4 17:45:00,10,2.0,10.0,0.0,48.9,69.0,2.0
772,HD001038,2015/11/4 18:00:00,6,1.0,5.0,0.0,29.83,65.0,1.0
773,HD001038,2015/11/5 6:00:00,5,4.0,5.0,1.0,60.2,66.0,53.0
774,HD001038,2015/11/5 6:15:00,5,4.0,4.0,0.0,49.0,66.0,8.0
775,HD001038,2015/11/5 6:30:00,2,1.0,2.0,0.0,68.0,68.0,68.0
776,HD001038,2015/11/8 19:15:00,3,0.0,3.0,0.0,17.33,49.0,1.0
777,HD001038,2015/11/8 19:30:00,2,0.0,2.0,0.0,3.0,5.0,1.0
778,HD001038,2015/11/8 19:45:00,1,0.0,1.0,0.0,58.0,58.0,58.0
779,HD001038,2015/11/8 20:00:00,1,0.0,1.0,0.0,45.0,45.0,45.0
780,HD001038,2015/11/8 20:15:00,1,0.0,1.0,0.0,68.0,68.0,68.0
781,HD001038,2015/11/6 18:45:00,8,1.0,8.0,0.0,45.63,68.0,1.0
782,HD001038,2015/11/6 19:00:00,5,1.0,5.0,0.0,24.4,65.0,2.0
783,HD001038,2015/11/6 19:15:00,6,2.0,6.0,0.0,41.83,69.0,1.0
784,HD001038,2015/11/7 9:45:00,79,5.0,67.0,1.0,54.46,96.0,1.0
785,HD001038,2015/11/7 10:00:00,71,7.0,63.0,1.0,46.94,79.0,1.0
786,HD001038,2015/11/7 10:15:00,48,1.0,41.0,0.0,55.4,87.0,1.0
787,HD001038,2015/11/7 10:30:00,51,8.0,47.0,0.0,48.96,87.0,1.0
788,HD001038,2015/11/8 2:00:00,1,0.0,1.0,0.0,73.0,73.0,73.0
789,HD001038,2015/11/8 2:15:00,2,2.0,2.0,0.0,2.5,3.0,2.0
790,HD001038,2015/11/8 2:45:00,1,0.0,1.0,0.0,1.0,1.0,1.0
791,HD001038,2015/11/8 20:30:00,3,0.0,3.0,0.0,35.67,55.0,2.0
792,HD001038,2015/11/8 20:45:00,5,0.0,5.0,0.0,39.0,71.0,1.0
793,HD001038,2015/11/8 21:00:00,2,0.0,2.0,0.0,25.5,50.0,1.0
794,HD001038,2015/11/8 21:15:00,1,0.0,1.0,0.0,3.0,3.0,3.0
795,HD001038,2015/11/6 19:30:00,5,0.0,5.0,0.0,34.2,58.0,1.0
796,HD001038,2015/11/6 19:45:00,5,1.0,5.0,0.0,48.2,61.0,19.0
797,HD001038,2015/11/6 20:00:00,3,0.0,3.0,0.0,48.67,60.0,42.0
798,HD001038,2015/11/7 10:45:00,89,9.0,80.0,2.0,50.69,80.0,1.0
799,HD001038,2015/11/7 11:00:00,75,15.0,68.0,3.0,56.32,88.0,1.0
800,HD001038,2015/11/7 11:15:00,93,8.0,83.0,1.0,46.74,99.0,1.0
801,HD001038,2015/11/7 11:30:00,80,3.0,70.0,0.0,50.15,88.0,1.0
802,HD001038,2015/11/8 3:45:00,1,0.0,1.0,0.0,1.0,1.0,1.0
803,HD001038,2015/11/8 21:30:00,1,0.0,0.0,0.0,50.0,50.0,50.0
804,HD001038,2015/11/8 21:45:00,2,1.0,2.0,0.0,58.5,61.0,56.0
805,HD001038,2015/11/8 22:15:00,1,0.0,1.0,0.0,46.0,46.0,46.0
806,HD001038,2015/11/8 22:30:00,2,1.0,2.0,0.0,28.5,56.0,1.0
807,HD001038,2015/11/6 20:15:00,9,3.0,8.0,0.0,46.22,85.0,2.0
808,HD001038,2015/11/6 20:30:00,7,4.0,7.0,1.0,48.57,70.0,8.0
809,HD001038,2015/11/6 20:45:00,10,2.0,10.0,0.0,56.0,75.0,10.0
810,HD001038,2015/11/7 11:45:00,66,8.0,54.0,0.0,58.09,98.0,1.0
811,HD001038,2015/11/7 12:00:00,76,10.0,67.0,0.0,45.66,90.0,1.0
812,HD001038,2015/11/7 12:15:00,54,2.0,47.0,0.0,58.04,99.0,1.0
813,HD001038,2015/11/7 12:30:00,46,2.0,41.0,1.0,50.72,91.0,1.0
814,HD001038,2015/11/8 4:45:00,1,0.0,0.0,0.0,1.0,1.0,1.0
815,HD001038,2015/11/8 5:00:00,2,1.0,2.0,0.0,46.5,89.0,4.0
816,HD001038,2015/11/8 5:15:00,1,0.0,1.0,1.0,5.0,5.0,5.0
817,HD001038,2015/11/8 5:30:00,2,1.0,2.0,0.0,61.0,66.0,56.0
818,HD001038,2015/11/8 23:00:00,1,0.0,1.0,1.0,46.0,46.0,46.0
819,HD001038,2015/11/8 23:15:00,1,1.0,1.0,0.0,73.0,73.0,73.0
820,HD001038,2015/11/8 23:30:00,1,0.0,0.0,0.0,3.0,3.0,3.0
821,HD001038,2015/11/8 23:45:00,2,0.0,2.0,0.0,2.5,4.0,1.0
822,HD001038,2015/11/6 21:00:00,9,1.0,9.0,0.0,50.0,77.0,1.0
823,HD001038,2015/11/6 21:15:00,4,0.0,4.0,0.0,43.25,64.0,15.0
824,HD001038,2015/11/6 21:30:00,6,1.0,5.0,0.0,27.17,64.0,1.0
825,HD001038,2015/11/7 12:45:00,41,1.0,35.0,0.0,45.95,94.0,1.0
826,HD001038,2015/11/7 13:00:00,55,5.0,52.0,0.0,49.58,92.0,1.0
827,HD001038,2015/11/7 13:15:00,59,3.0,51.0,0.0,53.24,87.0,1.0
828,HD001038,2015/11/7 13:30:00,69,8.0,65.0,0.0,52.55,88.0,1.0
829,HD001038,2015/11/8 5:45:00,1,0.0,1.0,0.0,66.0,66.0,66.0
830,HD001038,2015/11/8 6:00:00,2,0.0,2.0,0.0,35.0,65.0,5.0
831,HD001038,2015/11/8 6:30:00,1,0.0,1.0,0.0,54.0,54.0,54.0
832,HD001038,2015/11/9 0:15:00,3,0.0,3.0,0.0,44.0,78.0,1.0
833,HD001038,2015/11/9 0:30:00,2,1.0,2.0,0.0,36.0,71.0,1.0
834,HD001038,2015/11/9 1:00:00,1,1.0,1.0,0.0,2.0,2.0,2.0
835,HD001038,2015/11/6 21:45:00,3,0.0,2.0,0.0,47.67,64.0,16.0
836,HD001038,2015/11/6 22:00:00,7,2.0,7.0,1.0,31.86,68.0,1.0
837,HD001038,2015/11/6 22:15:00,1,1.0,1.0,0.0,65.0,65.0,65.0
838,HD001038,2015/11/6 22:30:00,4,2.0,4.0,0.0,46.5,64.0,1.0
839,HD001038,2015/11/7 13:45:00,68,4.0,57.0,0.0,45.24,91.0,1.0
840,HD001038,2015/11/7 14:00:00,83,9.0,79.0,0.0,48.84,92.0,1.0
841,HD001038,2015/11/7 14:15:00,87,8.0,83.0,0.0,46.66,88.0,1.0
842,HD001038,2015/11/8 7:00:00,46,14.0,43.0,3.0,65.72,89.0,1.0
843,HD001038,2015/11/8 7:30:00,420,94.0,404.0,12.0,71.17,102.0,1.0
844,HD001038,2015/11/8 7:45:00,154,28.0,149.0,1.0,61.08,93.0,1.0
845,HD001038,2015/11/9 2:30:00,1,1.0,1.0,0.0,9.0,9.0,9.0
846,HD001038,2015/11/9 3:15:00,1,0.0,1.0,0.0,2.0,2.0,2.0
847,HD001038,2015/11/6 22:45:00,3,0.0,2.0,0.0,30.0,50.0,1.0
848,HD001038,2015/11/6 23:00:00,2,0.0,2.0,0.0,31.5,62.0,1.0
849,HD001038,2015/11/6 23:15:00,2,1.0,2.0,0.0,37.0,69.0,5.0
850,HD001038,2015/11/7 14:30:00,94,10.0,84.0,1.0,40.41,84.0,1.0
851,HD001038,2015/11/7 14:45:00,70,10.0,59.0,0.0,53.96,91.0,1.0
852,HD001038,2015/11/7 15:00:00,123,14.0,110.0,3.0,42.02,85.0,1.0
853,HD001038,2015/11/8 8:00:00,56,4.0,54.0,0.0,38.34,88.0,1.0
854,HD001038,2015/11/8 8:15:00,63,10.0,58.0,0.0,32.54,95.0,1.0
855,HD001038,2015/11/8 8:30:00,73,7.0,70.0,1.0,35.49,83.0,1.0
856,HD001038,2015/11/8 8:45:00,47,5.0,45.0,0.0,39.21,89.0,1.0
857,HD001038,2015/11/8 9:00:00,66,9.0,60.0,0.0,41.64,89.0,1.0
858,HD001038,2015/11/9 1:15:00,3,1.0,2.0,0.0,33.33,60.0,3.0
859,HD001038,2015/11/9 1:30:00,1,0.0,1.0,0.0,2.0,2.0,2.0
860,HD001038,2015/11/9 1:45:00,2,2.0,2.0,0.0,2.0,2.0,2.0
861,HD001038,2015/11/9 2:00:00,1,0.0,1.0,0.0,71.0,71.0,71.0
862,HD001038,2015/11/9 2:15:00,1,0.0,1.0,0.0,1.0,1.0,1.0
863,HD001038,2015/11/6 23:30:00,6,3.0,6.0,0.0,38.67,70.0,1.0
864,HD001038,2015/11/6 23:45:00,2,1.0,2.0,0.0,61.0,72.0,50.0
865,HD001038,2015/11/7,1,0.0,0.0,0.0,42.0,42.0,42.0
866,HD001038,2015/11/7 0:15:00,5,1.0,5.0,0.0,53.0,93.0,2.0
867,HD001038,2015/11/7 15:30:00,95,9.0,88.0,0.0,42.73,86.0,1.0
868,HD001038,2015/11/7 15:45:00,64,7.0,57.0,2.0,34.95,83.0,1.0
869,HD001038,2015/11/7 16:00:00,145,24.0,140.0,3.0,64.37,99.0,1.0
870,HD001038,2015/11/7 16:15:00,70,9.0,64.0,0.0,63.37,90.0,1.0
871,HD001038,2015/11/8 9:15:00,53,1.0,46.0,0.0,49.51,94.0,1.0
872,HD001038,2015/11/8 9:30:00,65,9.0,56.0,0.0,48.86,90.0,1.0
873,HD001038,2015/11/8 9:45:00,66,5.0,59.0,0.0,52.05,93.0,1.0
874,HD001038,2015/11/8 10:00:00,57,5.0,53.0,0.0,51.74,85.0,1.0
875,HD001038,2015/11/6 12:00:00,102,15.0,95.0,0.0,41.92,77.0,1.0
876,HD001038,2015/11/6 12:15:00,133,30.0,124.0,1.0,38.32,97.0,1.0
877,HD001038,2015/11/6 12:30:00,103,23.0,96.0,0.0,40.23,87.0,1.0
878,HD001038,2015/11/7 0:30:00,1,0.0,0.0,0.0,50.0,50.0,50.0
879,HD001038,2015/11/7 0:45:00,2,1.0,2.0,0.0,19.5,36.0,3.0
880,HD001038,2015/11/7 1:00:00,4,2.0,4.0,1.0,28.5,62.0,1.0
881,HD001038,2015/11/7 16:30:00,3,1.0,3.0,0.0,34.67,100.0,1.0
882,HD001038,2015/11/7 17:15:00,2,2.0,2.0,0.0,2.5,3.0,2.0
883,HD001038,2015/11/7 17:30:00,3,0.0,3.0,0.0,53.0,66.0,44.0
884,HD001038,2015/11/8 10:15:00,44,2.0,34.0,0.0,55.02,100.0,1.0
885,HD001038,2015/11/8 10:30:00,66,3.0,56.0,0.0,60.65,92.0,1.0
886,HD001038,2015/11/8 10:45:00,62,2.0,59.0,1.0,57.47,96.0,1.0
887,HD001038,2015/11/8 11:00:00,49,0.0,43.0,0.0,63.41,90.0,1.0
888,HD001038,2015/11/8 11:15:00,100,6.0,89.0,1.0,63.53,95.0,1.0
889,HD001038,2015/11/6 12:45:00,130,24.0,117.0,1.0,42.37,86.0,1.0
890,HD001038,2015/11/6 13:00:00,100,17.0,92.0,1.0,42.37,87.0,1.0
891,HD001038,2015/11/6 13:15:00,75,13.0,72.0,0.0,42.73,85.0,1.0
892,HD001038,2015/11/7 1:30:00,12,6.0,12.0,0.0,56.33,69.0,15.0
893,HD001038,2015/11/7 1:45:00,1,0.0,0.0,0.0,45.0,45.0,45.0
894,HD001038,2015/11/7 2:00:00,4,0.0,3.0,1.0,45.5,62.0,5.0
895,HD001038,2015/11/7 2:15:00,3,1.0,3.0,1.0,20.67,53.0,2.0
896,HD001038,2015/11/7 2:30:00,1,0.0,1.0,0.0,31.0,31.0,31.0
897,HD001038,2015/11/7 17:45:00,2,0.0,1.0,0.0,35.0,67.0,3.0
898,HD001038,2015/11/7 18:00:00,3,1.0,3.0,0.0,2.0,3.0,1.0
899,HD001038,2015/11/7 18:15:00,2,0.0,2.0,1.0,62.5,67.0,58.0
900,HD001038,2015/11/7 18:30:00,2,0.0,2.0,0.0,30.0,51.0,9.0
901,HD001038,2015/11/8 11:30:00,332,74.0,322.0,5.0,74.3,98.0,1.0
902,HD001038,2015/11/8 11:45:00,256,35.0,229.0,2.0,68.15,94.0,1.0
903,HD001038,2015/11/8 12:15:00,399,84.0,372.0,7.0,75.31,100.0,1.0
904,HD001038,2015/11/6 13:30:00,94,15.0,85.0,2.0,39.05,83.0,1.0
905,HD001038,2015/11/6 13:45:00,127,25.0,110.0,2.0,35.72,85.0,1.0
906,HD001038,2015/11/6 14:00:00,135,24.0,123.0,2.0,41.18,78.0,1.0
907,HD001038,2015/11/7 2:45:00,1,1.0,1.0,0.0,9.0,9.0,9.0
908,HD001038,2015/11/7 3:30:00,1,0.0,1.0,0.0,75.0,75.0,75.0
909,HD001038,2015/11/7 18:45:00,1,0.0,1.0,0.0,67.0,67.0,67.0
910,HD001038,2015/11/7 19:15:00,1,0.0,1.0,0.0,72.0,72.0,72.0
911,HD001038,2015/11/7 19:30:00,3,1.0,3.0,0.0,31.67,56.0,1.0
912,HD001038,2015/11/7 19:45:00,1,0.0,1.0,0.0,72.0,72.0,72.0
913,HD001038,2015/11/8 12:30:00,468,112.0,446.0,10.0,78.13,103.0,1.0
914,HD001038,2015/11/8 12:45:00,515,124.0,481.0,15.0,79.46,108.0,1.0
915,HD001038,2015/11/8 13:00:00,487,119.0,463.0,5.0,80.15,112.0,52.0
916,HD001038,2015/11/8 13:15:00,540,108.0,510.0,14.0,78.03,106.0,1.0
917,HD001038,2015/11/6 14:15:00,130,23.0,115.0,2.0,46.83,84.0,1.0
918,HD001038,2015/11/6 14:30:00,121,15.0,111.0,2.0,39.93,82.0,1.0
919,HD001038,2015/11/6 14:45:00,153,19.0,140.0,1.0,42.6,89.0,1.0
920,HD001038,2015/11/7 4:15:00,1,0.0,0.0,0.0,9.0,9.0,9.0
921,HD001038,2015/11/7 20:00:00,5,2.0,4.0,0.0,48.8,71.0,1.0
922,HD001038,2015/11/7 20:15:00,1,0.0,1.0,0.0,7.0,7.0,7.0
923,HD001038,2015/11/7 20:30:00,3,0.0,3.0,0.0,50.33,88.0,1.0
924,HD001038,2015/11/7 20:45:00,3,1.0,3.0,0.0,44.0,66.0,8.0
925,HD001038,2015/11/7 21:00:00,2,2.0,2.0,0.0,38.5,76.0,1.0
926,HD001038,2015/11/8 13:30:00,444,65.0,421.0,9.0,74.2,112.0,1.0
927,HD001038,2015/11/8 13:45:00,534,131.0,509.0,5.0,77.22,103.0,1.0
928,HD001038,2015/11/8 14:00:00,582,134.0,556.0,12.0,74.81,99.0,1.0
929,HD001038,2015/11/8 14:15:00,402,67.0,378.0,6.0,72.49,99.0,1.0
930,HD001038,2015/11/8 14:30:00,297,41.0,277.0,6.0,68.18,93.0,1.0
931,HD001038,2015/11/6 15:00:00,90,12.0,83.0,2.0,45.23,88.0,1.0
932,HD001038,2015/11/6 15:15:00,92,16.0,89.0,1.0,38.9,84.0,1.0
933,HD001038,2015/11/6 15:30:00,140,35.0,138.0,1.0,31.26,90.0,1.0
934,HD001038,2015/11/7 4:45:00,1,0.0,1.0,0.0,55.0,55.0,55.0
935,HD001038,2015/11/7 5:00:00,3,1.0,2.0,0.0,39.0,58.0,3.0
936,HD001038,2015/11/7 5:15:00,3,1.0,2.0,0.0,57.33,61.0,51.0
937,HD001038,2015/11/7 5:30:00,3,1.0,2.0,0.0,64.0,69.0,60.0
938,HD001038,2015/11/7 5:45:00,7,3.0,7.0,0.0,62.57,72.0,46.0
939,HD001038,2015/11/7 21:15:00,1,0.0,1.0,0.0,63.0,63.0,63.0
940,HD001038,2015/11/7 21:30:00,1,0.0,0.0,0.0,4.0,4.0,4.0
941,HD001038,2015/11/7 21:45:00,1,1.0,1.0,0.0,1.0,1.0,1.0
942,HD001038,2015/11/7 22:00:00,2,0.0,2.0,1.0,40.0,72.0,8.0
943,HD001038,2015/11/8 14:45:00,96,7.0,90.0,0.0,63.0,88.0,1.0
944,HD001038,2015/11/8 15:00:00,56,3.0,53.0,0.0,55.63,94.0,1.0
945,HD001038,2015/11/8 15:15:00,61,3.0,54.0,0.0,59.26,91.0,1.0
946,HD001038,2015/11/8 15:30:00,62,3.0,52.0,0.0,54.69,85.0,1.0
947,HD001038,2015/11/6 15:45:00,136,33.0,131.0,2.0,35.11,94.0,1.0
948,HD001038,2015/11/6 16:00:00,265,54.0,249.0,7.0,55.31,93.0,1.0
949,HD001038,2015/11/6 16:15:00,310,69.0,300.0,4.0,65.24,90.0,1.0
950,HD001038,2015/11/7 6:00:00,5,3.0,5.0,0.0,18.2,65.0,1.0
951,HD001038,2015/11/7 6:15:00,11,3.0,10.0,1.0,41.09,72.0,1.0
952,HD001038,2015/11/7 6:30:00,11,3.0,10.0,1.0,46.09,66.0,4.0
953,HD001038,2015/11/7 6:45:00,3,0.0,3.0,0.0,47.67,74.0,3.0
954,HD001038,2015/11/7 22:30:00,2,1.0,1.0,0.0,79.0,88.0,70.0
955,HD001038,2015/11/7 22:45:00,2,2.0,2.0,0.0,5.5,9.0,2.0
956,HD001038,2015/11/7 23:00:00,4,1.0,3.0,0.0,15.75,48.0,2.0
957,HD001038,2015/11/8 15:45:00,49,3.0,43.0,0.0,49.37,84.0,1.0
958,HD001038,2015/11/8 16:00:00,82,10.0,73.0,0.0,49.04,84.0,1.0
959,HD001038,2015/11/8 16:15:00,91,10.0,83.0,0.0,37.04,87.0,1.0
960,HD001038,2015/11/8 16:30:00,203,38.0,191.0,1.0,49.76,105.0,1.0
961,HD001038,2015/11/8 16:45:00,188,54.0,180.0,3.0,69.23,95.0,1.0
962,HD001038,2015/11/6 16:45:00,6,3.0,6.0,0.0,49.33,61.0,23.0
963,HD001038,2015/11/6 17:00:00,10,1.0,8.0,0.0,48.0,75.0,5.0
964,HD001038,2015/11/7 7:00:00,90,18.0,82.0,3.0,57.96,86.0,1.0
965,HD001038,2015/11/7 7:15:00,403,99.0,394.0,8.0,66.04,88.0,1.0
966,HD001038,2015/11/7 7:30:00,391,100.0,376.0,6.0,68.08,97.0,1.0
967,HD001038,2015/11/7 7:45:00,202,36.0,192.0,3.0,60.62,90.0,1.0
968,HD001038,2015/11/7 23:30:00,2,1.0,2.0,0.0,66.0,67.0,65.0
969,HD001038,2015/11/7 23:45:00,3,1.0,3.0,0.0,43.0,64.0,8.0
970,HD001038,2015/11/8,1,0.0,1.0,0.0,17.0,17.0,17.0
971,HD001038,2015/11/8 0:15:00,2,1.0,2.0,0.0,69.0,71.0,67.0
972,HD001038,2015/11/8 0:30:00,2,1.0,2.0,0.0,82.5,89.0,76.0
973,HD001038,2015/11/8 17:00:00,2,1.0,2.0,0.0,38.5,62.0,15.0
974,HD001038,2015/11/8 17:15:00,2,0.0,2.0,0.0,61.5,64.0,59.0
975,HD001038,2015/11/8 17:30:00,1,0.0,1.0,0.0,57.0,57.0,57.0
976,HD001038,2015/11/8 17:45:00,2,1.0,2.0,0.0,27.5,54.0,1.0
977,HD001038,2015/11/6 17:15:00,5,1.0,5.0,0.0,47.8,54.0,41.0
978,HD001038,2015/11/6 17:30:00,1,1.0,1.0,0.0,60.0,60.0,60.0
979,HD001038,2015/11/6 17:45:00,5,0.0,5.0,0.0,48.4,85.0,16.0
980,HD001038,2015/11/7 8:00:00,90,20.0,85.0,0.0,42.46,83.0,1.0
981,HD001038,2015/11/7 8:15:00,65,9.0,61.0,0.0,43.02,82.0,1.0
982,HD001038,2015/11/7 8:30:00,51,3.0,45.0,0.0,48.31,86.0,1.0
983,HD001038,2015/11/8 0:45:00,3,1.0,3.0,0.0,52.33,66.0,32.0
984,HD001038,2015/11/8 18:00:00,4,1.0,3.0,1.0,9.5,19.0,3.0
985,HD001038,2015/11/8 18:30:00,1,0.0,1.0,0.0,1.0,1.0,1.0
986,HD001038,2015/11/8 18:45:00,1,0.0,1.0,0.0,8.0,8.0,8.0
987,HD001038,2015/11/8 19:00:00,2,0.0,2.0,0.0,64.5,68.0,61.0
988,HD001038,2015/11/6 18:30:00,4,1.0,4.0,0.0,53.0,57.0,45.0
989,HD001038,2015/11/7 8:45:00,39,4.0,36.0,0.0,53.69,85.0,1.0
990,HD001038,2015/11/7 9:00:00,62,2.0,58.0,0.0,58.65,92.0,1.0
991,HD001038,2015/11/7 9:15:00,48,5.0,45.0,0.0,49.44,97.0,1.0
992,HD001038,2015/11/7 9:30:00,65,12.0,61.0,0.0,46.02,93.0,1.0
993,HD001038,2015/11/10 23:30:00,1,1.0,1.0,0.0,13.0,13.0,13.0
994,HD001038,2015/11/10 23:45:00,1,0.0,1.0,0.0,54.0,54.0,54.0
995,HD001038,2015/11/9 12:15:00,50,8.0,46.0,0.0,48.04,80.0,1.0
996,HD001038,2015/11/9 12:30:00,64,6.0,55.0,1.0,57.7,92.0,1.0
997,HD001038,2015/11/9 12:45:00,41,3.0,31.0,0.0,59.27,87.0,1.0
998,HD001038,2015/11/10 0:30:00,1,0.0,1.0,0.0,69.0,69.0,69.0
999,HD001038,2015/11/10 0:45:00,3,0.0,2.0,0.0,39.0,67.0,6.0
1000,HD001038,2015/11/10 1:00:00,1,0.0,1.0,0.0,64.0,64.0,64.0
1001,HD001038,2015/11/10 12:15:00,91,13.0,86.0,2.0,42.36,90.0,1.0
1002,HD001038,2015/11/10 12:30:00,133,31.0,125.0,1.0,37.51,96.0,1.0
1003,HD001038,2015/11/10 12:45:00,142,25.0,133.0,2.0,34.49,82.0,1.0
1004,HD001038,2015/11/9 13:00:00,38,4.0,35.0,0.0,55.74,93.0,1.0
1005,HD001038,2015/11/9 13:15:00,43,4.0,41.0,0.0,52.19,87.0,1.0
1006,HD001038,2015/11/9 13:30:00,72,8.0,65.0,0.0,46.78,98.0,1.0
1007,HD001038,2015/11/10 1:15:00,1,1.0,1.0,0.0,63.0,63.0,63.0
1008,HD001038,2015/11/10 1:30:00,1,0.0,1.0,1.0,14.0,14.0,14.0
1009,HD001038,2015/11/10 13:00:00,119,20.0,111.0,1.0,31.67,97.0,1.0
1010,HD001038,2015/11/10 13:15:00,141,33.0,127.0,1.0,30.48,87.0,1.0
1011,HD001038,2015/11/9 13:45:00,74,8.0,66.0,1.0,48.27,89.0,1.0
1012,HD001038,2015/11/9 14:00:00,48,6.0,38.0,0.0,52.46,103.0,1.0
1013,HD001038,2015/11/9 14:15:00,77,13.0,73.0,1.0,52.03,91.0,1.0
1014,HD001038,2015/11/10 2:00:00,2,1.0,2.0,0.0,56.5,111.0,2.0
1015,HD001038,2015/11/10 2:30:00,1,0.0,1.0,0.0,96.0,96.0,96.0
1016,HD001038,2015/11/10 13:30:00,121,21.0,113.0,1.0,37.64,89.0,1.0
1017,HD001038,2015/11/10 13:45:00,107,21.0,100.0,0.0,38.49,83.0,1.0
1018,HD001038,2015/11/10 14:00:00,97,19.0,92.0,2.0,38.68,87.0,1.0
1019,HD001038,2015/11/9 14:30:00,78,19.0,72.0,0.0,49.1,90.0,1.0
1020,HD001038,2015/11/9 14:45:00,97,9.0,91.0,0.0,45.24,91.0,1.0
1021,HD001038,2015/11/9 15:00:00,106,25.0,100.0,1.0,39.92,96.0,1.0
1022,HD001038,2015/11/10 14:15:00,174,40.0,167.0,1.0,32.01,84.0,1.0
1023,HD001038,2015/11/10 14:30:00,170,42.0,159.0,1.0,30.94,86.0,1.0
1024,HD001038,2015/11/10 14:45:00,109,20.0,99.0,2.0,30.33,90.0,1.0
1025,HD001038,2015/11/9 15:15:00,140,28.0,125.0,4.0,38.54,84.0,1.0
1026,HD001038,2015/11/9 15:30:00,132,30.0,123.0,2.0,30.72,92.0,1.0
1027,HD001038,2015/11/9 15:45:00,130,29.0,120.0,3.0,31.75,87.0,1.0
1028,HD001038,2015/11/10 15:00:00,101,23.0,93.0,1.0,32.16,92.0,1.0
1029,HD001038,2015/11/10 15:15:00,158,48.0,148.0,3.0,27.02,86.0,1.0
1030,HD001038,2015/11/10 15:30:00,392,112.0,378.0,4.0,58.32,90.0,1.0
1031,HD001038,2015/11/9 16:00:00,382,88.0,366.0,7.0,71.01,100.0,1.0
1032,HD001038,2015/11/9 16:15:00,244,51.0,233.0,3.0,64.76,101.0,1.0
1033,HD001038,2015/11/9 16:30:00,5,0.0,5.0,1.0,38.4,69.0,1.0
1034,HD001038,2015/11/10 5:00:00,7,2.0,7.0,0.0,27.71,76.0,1.0
1035,HD001038,2015/11/10 5:15:00,1,0.0,1.0,0.0,1.0,1.0,1.0
1036,HD001038,2015/11/10 15:45:00,221,56.0,211.0,4.0,66.63,93.0,1.0
1037,HD001038,2015/11/10 16:00:00,13,1.0,13.0,0.0,47.85,75.0,1.0
1038,HD001038,2015/11/10 16:15:00,3,1.0,3.0,0.0,37.33,61.0,2.0
1039,HD001038,2015/11/9 17:00:00,2,0.0,2.0,0.0,44.0,54.0,34.0
1040,HD001038,2015/11/9 17:15:00,3,1.0,3.0,0.0,26.67,60.0,3.0
1041,HD001038,2015/11/10 5:30:00,1,0.0,1.0,0.0,64.0,64.0,64.0
1042,HD001038,2015/11/10 5:45:00,6,2.0,5.0,0.0,38.5,62.0,1.0
1043,HD001038,2015/11/10 6:00:00,7,5.0,7.0,0.0,58.43,71.0,19.0
1044,HD001038,2015/11/10 16:30:00,4,0.0,4.0,0.0,22.5,67.0,1.0
1045,HD001038,2015/11/10 16:45:00,5,2.0,5.0,0.0,45.0,59.0,1.0
1046,HD001038,2015/11/10 17:00:00,4,2.0,4.0,0.0,29.75,63.0,2.0
1047,HD001038,2015/11/9 3:45:00,2,1.0,2.0,0.0,47.5,90.0,5.0
1048,HD001038,2015/11/9 4:15:00,1,0.0,1.0,0.0,4.0,4.0,4.0
1049,HD001038,2015/11/9 4:45:00,1,0.0,1.0,0.0,51.0,51.0,51.0
1050,HD001038,2015/11/9 17:30:00,3,1.0,3.0,0.0,47.0,66.0,16.0
1051,HD001038,2015/11/9 17:45:00,7,1.0,7.0,0.0,43.0,86.0,3.0
1052,HD001038,2015/11/9 18:00:00,4,0.0,4.0,0.0,33.0,67.0,1.0
1053,HD001038,2015/11/10 6:15:00,8,2.0,8.0,0.0,52.75,71.0,1.0
1054,HD001038,2015/11/10 6:30:00,3,1.0,3.0,1.0,40.0,56.0,9.0
1055,HD001038,2015/11/10 17:15:00,4,0.0,4.0,0.0,30.75,62.0,1.0
1056,HD001038,2015/11/10 17:30:00,4,3.0,4.0,0.0,31.0,64.0,1.0
1057,HD001038,2015/11/10 17:45:00,2,1.0,2.0,0.0,22.0,42.0,2.0
1058,HD001038,2015/11/9 5:00:00,2,1.0,1.0,0.0,48.5,93.0,4.0
1059,HD001038,2015/11/9 5:15:00,2,0.0,2.0,0.0,78.0,85.0,71.0
1060,HD001038,2015/11/9 5:30:00,5,2.0,5.0,0.0,27.8,67.0,1.0
1061,HD001038,2015/11/9 5:45:00,6,1.0,6.0,2.0,53.33,68.0,1.0
1062,HD001038,2015/11/9 18:15:00,1,0.0,1.0,0.0,50.0,50.0,50.0
1063,HD001038,2015/11/9 18:30:00,2,0.0,2.0,0.0,56.0,65.0,47.0
1064,HD001038,2015/11/10 7:00:00,4,0.0,3.0,0.0,19.25,66.0,2.0
1065,HD001038,2015/11/10 7:15:00,4,1.0,4.0,0.0,51.75,81.0,1.0
1066,HD001038,2015/11/10 7:30:00,6,0.0,6.0,0.0,75.67,87.0,55.0
1067,HD001038,2015/11/10 18:00:00,3,0.0,3.0,0.0,65.0,80.0,55.0
1068,HD001038,2015/11/10 18:15:00,1,0.0,1.0,0.0,66.0,66.0,66.0
1069,HD001038,2015/11/10 18:30:00,4,1.0,4.0,1.0,32.0,56.0,2.0
1070,HD001038,2015/11/9 6:00:00,6,1.0,6.0,0.0,34.83,67.0,5.0
1071,HD001038,2015/11/9 6:15:00,8,4.0,7.0,0.0,37.63,72.0,1.0
1072,HD001038,2015/11/9 6:30:00,3,1.0,3.0,0.0,24.33,67.0,1.0
1073,HD001038,2015/11/9 7:00:00,109,26.0,106.0,0.0,58.48,97.0,1.0
1074,HD001038,2015/11/9 19:00:00,4,2.0,4.0,0.0,37.75,72.0,1.0
1075,HD001038,2015/11/9 19:15:00,1,0.0,1.0,0.0,3.0,3.0,3.0
1076,HD001038,2015/11/9 19:30:00,1,0.0,0.0,0.0,2.0,2.0,2.0
1077,HD001038,2015/11/10 7:45:00,70,10.0,66.0,1.0,66.09,102.0,1.0
1078,HD001038,2015/11/10 8:00:00,214,53.0,202.0,5.0,71.21,102.0,1.0
1079,HD001038,2015/11/10 8:15:00,278,54.0,265.0,9.0,69.56,103.0,1.0
1080,HD001038,2015/11/9 7:15:00,341,76.0,330.0,11.0,70.64,97.0,1.0
1081,HD001038,2015/11/9 7:30:00,356,90.0,342.0,6.0,73.89,101.0,1.0
1082,HD001038,2015/11/9 7:45:00,231,52.0,224.0,5.0,71.55,104.0,1.0
1083,HD001038,2015/11/9 8:00:00,123,26.0,115.0,3.0,57.01,97.0,1.0
1084,HD001038,2015/11/9 19:45:00,3,0.0,3.0,0.0,35.67,66.0,2.0
1085,HD001038,2015/11/9 20:00:00,3,0.0,3.0,0.0,60.33,64.0,56.0
1086,HD001038,2015/11/9 20:15:00,3,2.0,3.0,0.0,38.67,58.0,1.0
1087,HD001038,2015/11/10 8:30:00,304,56.0,291.0,9.0,70.19,97.0,1.0
1088,HD001038,2015/11/10 8:45:00,280,52.0,267.0,3.0,68.95,97.0,1.0
1089,HD001038,2015/11/10 9:00:00,106,24.0,103.0,3.0,40.27,81.0,1.0
1090,HD001038,2015/11/10 19:45:00,3,1.0,3.0,0.0,33.67,53.0,1.0
1091,HD001038,2015/11/10 20:00:00,2,0.0,2.0,0.0,27.0,52.0,2.0
1092,HD001038,2015/11/9 8:15:00,63,6.0,59.0,2.0,40.02,92.0,1.0
1093,HD001038,2015/11/9 8:30:00,56,5.0,53.0,0.0,45.79,90.0,1.0
1094,HD001038,2015/11/9 8:45:00,47,1.0,36.0,1.0,50.47,91.0,1.0
1095,HD001038,2015/11/9 9:00:00,62,7.0,61.0,0.0,43.68,90.0,1.0
1096,HD001038,2015/11/9 9:15:00,86,17.0,76.0,0.0,41.53,89.0,1.0
1097,HD001038,2015/11/9 20:30:00,1,0.0,1.0,1.0,2.0,2.0,2.0
1098,HD001038,2015/11/9 20:45:00,1,0.0,1.0,0.0,2.0,2.0,2.0
1099,HD001038,2015/11/9 21:00:00,1,0.0,1.0,0.0,59.0,59.0,59.0
1100,HD001038,2015/11/10 9:15:00,95,19.0,91.0,1.0,35.78,88.0,1.0
1101,HD001038,2015/11/10 9:30:00,94,15.0,92.0,0.0,39.7,86.0,1.0
1102,HD001038,2015/11/10 9:45:00,101,19.0,96.0,2.0,39.22,89.0,1.0
1103,HD001038,2015/11/10 20:15:00,4,0.0,4.0,0.0,29.75,59.0,1.0
1104,HD001038,2015/11/10 20:30:00,1,0.0,1.0,0.0,55.0,55.0,55.0
1105,HD001038,2015/11/10 20:45:00,1,1.0,1.0,0.0,4.0,4.0,4.0
1106,HD001038,2015/11/10 21:00:00,5,3.0,5.0,0.0,58.6,63.0,51.0
1107,HD001038,2015/11/9 9:30:00,79,11.0,73.0,1.0,51.49,94.0,1.0
1108,HD001038,2015/11/9 9:45:00,74,9.0,66.0,0.0,50.97,114.0,1.0
1109,HD001038,2015/11/9 10:00:00,69,11.0,62.0,0.0,47.09,83.0,1.0
1110,HD001038,2015/11/9 21:30:00,1,1.0,1.0,0.0,80.0,80.0,80.0
1111,HD001038,2015/11/9 21:45:00,2,1.0,2.0,0.0,36.0,71.0,1.0
1112,HD001038,2015/11/10 10:00:00,100,18.0,94.0,2.0,40.61,84.0,1.0
1113,HD001038,2015/11/10 10:15:00,98,21.0,95.0,0.0,40.19,91.0,1.0
1114,HD001038,2015/11/10 10:30:00,71,10.0,65.0,1.0,39.32,92.0,1.0
1115,HD001038,2015/11/10 21:15:00,5,2.0,4.0,0.0,46.6,65.0,4.0
1116,HD001038,2015/11/10 21:30:00,3,2.0,3.0,0.0,39.0,64.0,2.0
1117,HD001038,2015/11/10 21:45:00,1,0.0,1.0,0.0,76.0,76.0,76.0
1118,HD001038,2015/11/9 10:15:00,91,13.0,83.0,0.0,49.22,90.0,1.0
1119,HD001038,2015/11/9 10:30:00,61,12.0,57.0,0.0,51.67,86.0,1.0
1120,HD001038,2015/11/9 10:45:00,54,10.0,44.0,1.0,45.26,80.0,1.0
1121,HD001038,2015/11/9 22:30:00,2,1.0,2.0,0.0,35.0,67.0,3.0
1122,HD001038,2015/11/10 10:45:00,110,25.0,107.0,2.0,42.75,87.0,1.0
1123,HD001038,2015/11/10 11:00:00,144,31.0,134.0,0.0,34.1,80.0,1.0
1124,HD001038,2015/11/10 11:15:00,176,42.0,166.0,1.0,35.03,86.0,1.0
1125,HD001038,2015/11/10 22:15:00,3,0.0,3.0,0.0,6.33,8.0,5.0
1126,HD001038,2015/11/10 22:30:00,1,0.0,1.0,0.0,5.0,5.0,5.0
1127,HD001038,2015/11/9 11:00:00,69,12.0,60.0,0.0,53.72,92.0,1.0
1128,HD001038,2015/11/9 11:15:00,76,10.0,67.0,0.0,56.12,87.0,1.0
1129,HD001038,2015/11/9 11:30:00,89,12.0,79.0,0.0,50.98,92.0,1.0
1130,HD001038,2015/11/9 23:15:00,1,1.0,1.0,0.0,79.0,79.0,79.0
1131,HD001038,2015/11/9 23:30:00,5,2.0,5.0,0.0,68.4,79.0,57.0
1132,HD001038,2015/11/10 11:30:00,117,33.0,113.0,0.0,35.57,90.0,1.0
1133,HD001038,2015/11/10 11:45:00,128,26.0,118.0,0.0,36.75,90.0,1.0
1134,HD001038,2015/11/10 12:00:00,114,29.0,107.0,1.0,32.11,94.0,1.0
1135,HD001038,2015/11/10 22:45:00,1,0.0,1.0,0.0,3.0,3.0,3.0
1136,HD001038,2015/11/10 23:00:00,3,1.0,3.0,0.0,40.67,67.0,3.0
1137,HD001038,2015/11/9 11:45:00,51,4.0,47.0,1.0,42.1,86.0,1.0
1138,HD001038,2015/11/9 12:00:00,38,7.0,35.0,0.0,50.03,97.0,1.0
1139,HD001038,2015/11/9 23:45:00,2,0.0,1.0,0.0,74.0,89.0,59.0
1140,HD001038,2015/11/10 0:15:00,3,1.0,3.0,0.0,46.67,70.0,3.0
1141,HD001038,2015/11/26 7:30:00,1,1.0,1.0,0.0,63.0,63.0,63.0
1142,HD001038,2015/11/25 8:15:00,1,0.0,1.0,0.0,73.0,73.0,73.0
1143,HD001038,2015/11/26 14:15:00,1,0.0,1.0,0.0,79.0,79.0,79.0
1144,HD001038,2015/11/27 14:30:00,1,1.0,1.0,0.0,67.0,67.0,67.0
1145,HD001038,2015/1/29 12:30:00,307,113.0,297.0,2.0,79.73,112.0,3.0
1146,HD001038,2015/11/5 17:30:00,8,2.0,8.0,0.0,50.63,64.0,35.0
1147,HD001038,2015/1/29 21:15:00,457,174.0,446.0,5.0,72.89,100.0,1.0
1148,HD001038,2015/1/29 23:30:00,357,134.0,348.0,4.0,75.83,105.0,46.0
1149,HD001038,2015/1/30 6:45:00,643,221.0,630.0,7.0,69.82,94.0,15.0
1150,HD001038,2015/1/30 8:15:00,294,53.0,279.0,7.0,80.55,108.0,29.0
1151,HD001038,2015/1/30 11:45:00,457,170.0,445.0,2.0,78.05,104.0,6.0
1152,HD001038,2015/1/17 19:15:00,532,2.0,7.0,0.0,45.96,74.0,2.0
1153,HD001038,2015/1/17 21:00:00,483,1.0,12.0,0.0,46.47,67.0,1.0
1154,HD001038,2015/1/19 18:00:00,603,209.0,591.0,9.0,69.25,100.0,1.0
1155,HD001038,2015/1/19 21:45:00,233,79.0,225.0,1.0,79.58,109.0,18.0
1156,HD001038,2015/11/5 19:45:00,3,0.0,3.0,1.0,42.0,68.0,1.0
1157,HD001038,2015/1/29 8:00:00,340,76.0,330.0,5.0,79.22,116.0,52.0
1158,HD001038,2015/1/29 13:15:00,257,80.0,247.0,2.0,79.2,116.0,4.0
1159,HD001038,2015/11/6 10:45:00,114,22.0,104.0,3.0,41.21,78.0,1.0
1160,HD001038,2015/11/6 16:30:00,4,0.0,4.0,1.0,68.5,76.0,61.0
1161,HD001038,2015/1/29 17:30:00,591,160.0,578.0,11.0,69.67,99.0,46.0
1162,HD001038,2015/11/7 15:15:00,118,19.0,111.0,1.0,37.93,95.0,1.0
1163,HD001038,2015/11/8 7:15:00,166,35.0,153.0,5.0,65.39,102.0,1.0
1164,HD001038,2015/11/8 12:00:00,138,21.0,129.0,1.0,67.41,96.0,1.0
1165,HD001038,2015/1/19 17:45:00,509,133.0,494.0,1.0,70.89,96.0,4.0
1166,HD001038,2015/1/19 22:45:00,414,175.0,404.0,6.0,77.14,116.0,56.0
1167,HD001038,2015/11/9 18:45:00,6,1.0,6.0,1.0,33.5,65.0,2.0
1168,HD001038,2015/11/3 11:30:00,481,143.0,460.0,7.0,69.29,101.0,1.0
